ticker,name,market
CBOE,"Cboe Global Markets, Inc. Common Stock",Cboe
AAL,"American Airlines Group, Inc. - Common Stock",NASDAQ
AAOI,"Applied Optoelectronics, Inc. - Common Stock",NASDAQ
AAON,"AAON, Inc. - Common Stock",NASDAQ
AAPG,Ascentage Pharma Group International - American Depository Shares,NASDAQ
AAPL,Apple Inc. - Common Stock,NASDAQ
AARD,"Aardvark Therapeutics, Inc. - Common Stock",NASDAQ
ABAT,American Battery Technology Company - Common Stock,NASDAQ
ABCL,AbCellera Biologics Inc. - Common Shares,NASDAQ
ABEO,Abeona Therapeutics Inc. - Common Stock,NASDAQ
ABLV,Able View Global Inc. - Class B Ordinary Shares,NASDAQ
ABNB,"Airbnb, Inc. - Class A Common Stock",NASDAQ
ABOS,"Acumen Pharmaceuticals, Inc. - Common Stock",NASDAQ
ABSI,Absci Corporation - Common Stock,NASDAQ
ABTC,American Bitcoin Corp. - Class A Common Stock,NASDAQ
ABTS,Abits Group Inc - Ordinary Shares,NASDAQ
ABUS,Arbutus Biopharma Corporation - Common Stock,NASDAQ
ABVC,"ABVC BioPharma, Inc. - Common Stock",NASDAQ
ACAD,ACADIA Pharmaceuticals Inc. - Common Stock,NASDAQ
ACB,Aurora Cannabis Inc. - Common Shares,NASDAQ
ACCL,Acco Group Holdings Limited - Class A Ordinary Shares,NASDAQ
ACDC,ProFrac Holding Corp. - Class A Common Stock,NASDAQ
ACET,"Adicet Bio, Inc. - Common Stock",NASDAQ
ACFN,"Acorn Energy, Inc. - Common Stock",NASDAQ
ACGL,Arch Capital Group Ltd. - Common Stock,NASDAQ
ACHC,"Acadia Healthcare Company, Inc. - Common Stock",NASDAQ
ACHV,"Achieve Life Sciences, Inc.  - Common Shares",NASDAQ
ACIC,American Coastal Insurance Corporation - Common Stock,NASDAQ
ACIU,AC Immune SA - Common Stock,NASDAQ
ACIW,"ACI Worldwide, Inc. - Common Stock",NASDAQ
ACLS,"Axcelis Technologies, Inc. - Common Stock",NASDAQ
ACMR,"ACM Research, Inc. - Class A Common Stock",NASDAQ
ACNB,ACNB Corporation - Common Stock,NASDAQ
ACNT,Ascent Industries Co. - Common Stock,NASDAQ
ACOG,Alpha Cognition Inc. - Common Stock,NASDAQ
ACON,"Aclarion, Inc. - Common Stock",NASDAQ
ACRS,"Aclaris Therapeutics, Inc. - Common Stock",NASDAQ
ACRV,"Acrivon Therapeutics, Inc. - Common Stock",NASDAQ
ACT,"Enact Holdings, Inc. - Common Stock",NASDAQ
ACTG,Acacia Research Corporation - Common Stock,NASDAQ
ACTU,"Actuate Therapeutics, Inc. - Common stock",NASDAQ
ACXP,"Acurx Pharmaceuticals, Inc. - Common Stock",NASDAQ
ADAG,"Adagene Inc. - ADS, each representing 1.25 ordinary shares",NASDAQ
ADAM,"Adamas Trust, Inc. - Common Stock",NASDAQ
ADBE,Adobe Inc. - Common Stock,NASDAQ
ADEA,Adeia Inc.  - Common Stock,NASDAQ
ADGM,"Adagio Medical Holdings, Inc - Common Stock",NASDAQ
ADI,"Analog Devices, Inc. - Common Stock",NASDAQ
ADIL,"Adial Pharmaceuticals, Inc - Common Stock",NASDAQ
ADMA,ADMA Biologics Inc - Common Stock,NASDAQ
ADP,"Automatic Data Processing, Inc. - Common Stock",NASDAQ
ADPT,Adaptive Biotechnologies Corporation - Common Stock,NASDAQ
ADSE,ADS-TEC ENERGY PLC - Ordinary Shares,NASDAQ
ADSK,"Autodesk, Inc. - Common Stock",NASDAQ
ADTN,"ADTRAN Holdings, Inc. - Common Stock",NASDAQ
ADUR,Aduro Clean Technologies Inc. - Common Stock,NASDAQ
ADUS,Addus HomeCare Corporation - Common Stock,NASDAQ
ADV,Advantage Solutions Inc.  - Class A Common Stock,NASDAQ
ADVB,Advanced Biomed Inc. - Common Stock,NASDAQ
AEBI,Aebi Schmidt Holding AG - Common Stock,NASDAQ
AEC,Anfield Energy Inc. - Common Shares,NASDAQ
AEHL,Antelope Enterprise Holdings Limited - Class A Ordinary Shares,NASDAQ
AEHR,Aehr Test Systems - Common Stock,NASDAQ
AEI,Alset Inc. - Common Stock,NASDAQ
AEIS,"Advanced Energy Industries, Inc. - Common Stock",NASDAQ
AEMD,"Aethlon Medical, Inc. - Common Stock",NASDAQ
AENT,Alliance Entertainment Holding Corporation - common stock,NASDAQ
AEP,"American Electric Power Company, Inc. - Common Stock",NASDAQ
AERT,"Aeries Technology, Inc. - Class A Ordinary Share",NASDAQ
AEVA,"Aeva Technologies, Inc. - Common Stock",NASDAQ
AEYE,"AudioEye, Inc. - Common Stock",NASDAQ
AFBI,"Affinity Bancshares, Inc. - Common Stock",NASDAQ
AFCG,Advanced Flower Capital Inc. - Common Stock,NASDAQ
AFJK,"Aimei Health Technology Co., Ltd - Ordinary Share",NASDAQ
AFRI,Forafric Global PLC - Ordinary Shares,NASDAQ
AFRM,"Affirm Holdings, Inc. - Class A Common Stock",NASDAQ
AFYA,Afya Limited - Class A Common Shares,NASDAQ
AGCC,Agencia Comercial Spirits Ltd - Class A Ordinary Share,NASDAQ
AGEN,Agenus Inc. - Common Stock,NASDAQ
AGIO,"Agios Pharmaceuticals, Inc. - Common Stock",NASDAQ
AGMB,AgomAb Therapeutics NV - ADRs representing one common share.,NASDAQ
AGNC,AGNC Investment Corp. - Common Stock,NASDAQ
AGNT,"AGNT, Inc. - Common Stock",NASDAQ
AGPU,Axe Compute Inc. - Common Stock,NASDAQ
AGYS,"Agilysys, Inc. - Common Stock",NASDAQ
AHCO,AdaptHealth Corp.  - Common Stock,NASDAQ
AHMA,Ambitions Enterprise Management Co. L.L.C - Class A Ordinary Shares,NASDAQ
AIAI,AIAI Holdings Corporation - Class A common stock,NASDAQ
AIBZ,Bitzero Holdings Inc. - Common Shares,NASDAQ
AIDX,"20/20 Biolabs, Inc. - Common Stock",NASDAQ
AIFA,"All In FutureTech Alliance, Inc. - Common Stock",NASDAQ
AIFC,AI Financial Corporation - Common Stock,NASDAQ
AIFF,"Firefly Neuroscience, Inc.  - Common Stock",NASDAQ
AIFU,AIFU Inc. - Class A Ordinary Share,NASDAQ
AIHS,Senmiao Technology Limited - Common Stock,NASDAQ
AIIO,Robo.ai Inc. - Class B Ordinary Shares,NASDAQ
AIIR,Air Global PLC - Ordinary shares,NASDAQ
AIMD,"Ainos, Inc. - Common Stock",NASDAQ
AIOS,AIOS Tech Inc. - Class A Common Shares,NASDAQ
AIOT,"PowerFleet, Inc. - Common Stock",NASDAQ
AIP,"Arteris, Inc.  - Common Stock",NASDAQ
AIRE,reAlpha Tech Corp. - Common Stock,NASDAQ
AIRG,"Airgain, Inc. - Common Stock",NASDAQ
AIRJ,AirJoule Technologies Corporation - Class A Common Stock,NASDAQ
AIRO,"AIRO Group Holdings, Inc. - Common Stock",NASDAQ
AIRS,"AirSculpt Technologies, Inc. - Common Stock",NASDAQ
AIRT,"Air T, Inc. - Common Stock",NASDAQ
AISP,"Airship AI Holdings, Inc - Class A Common Stock",NASDAQ
AIXC,"AIxCrypto Holdings, Inc. - Common Stock",NASDAQ
AKAM,"Akamai Technologies, Inc. - Common Stock",NASDAQ
AKAN,Akanda Corp. - Common Shares,NASDAQ
AKBA,"Akebia Therapeutics, Inc. - Common Stock",NASDAQ
AKTS,"Aktis Oncology, Inc. - Common stock",NASDAQ
ALAB,"Astera Labs, Inc. - Common Stock",NASDAQ
ALCO,"Alico, Inc. - Common Stock",NASDAQ
ALDF,Aldel Financial II Inc. - Class A Ordinary Shares,NASDAQ
ALDX,"Aldeyra Therapeutics, Inc. - Common Stock",NASDAQ
ALEC,"Alector, Inc. - Common Stock",NASDAQ
ALGM,"Allegro MicroSystems, Inc. - Common Stock",NASDAQ
ALGN,"Align Technology, Inc. - Common Stock",NASDAQ
ALGS,"Aligos Therapeutics, Inc. - Common stock",NASDAQ
ALGT,Allegiant Travel Company - Common Stock,NASDAQ
ALHC,"Alignment Healthcare, Inc. - Common Stock",NASDAQ
ALKS,Alkermes plc - Ordinary Shares,NASDAQ
ALKT,"Alkami Technology, Inc. - Common Stock",NASDAQ
ALLO,"Allogene Therapeutics, Inc. - Common Stock",NASDAQ
ALLR,"Allarity Therapeutics, Inc. - Common stock",NASDAQ
ALLT,Allot Ltd. - Ordinary Shares,NASDAQ
ALM,Almonty Industries Inc. - Common Shares,NASDAQ
ALMR,"Alamar Biosciences, Inc. - Class A common stock",NASDAQ
ALMS,Alumis Inc. - Common Stock,NASDAQ
ALMU,"Aeluma, Inc. - Common Stock",NASDAQ
ALNT,Allient Inc. - Common Stock,NASDAQ
ALNY,"Alnylam Pharmaceuticals, Inc. - Common Stock",NASDAQ
ALOT,"AstroNova, Inc. - Common Stock",NASDAQ
ALOY,REalloys Inc. - Common Stock,NASDAQ
ALP,Alpha Compute Corp  - Common Stock,NASDAQ
ALPS,ALPS Group Inc - Ordinary Share,NASDAQ
ALRM,"Alarm.com Holdings, Inc. - Common Stock",NASDAQ
ALRS,Alerus Financial Corporation - Common Stock,NASDAQ
ALT,"Altimmune, Inc. - Common Stock",NASDAQ
ALTI,"AlTi Global, Inc. - Class A Common Stock",NASDAQ
ALTO,"Alto Ingredients, Inc. - Common Stock",NASDAQ
ALVO,Alvotech - Ordinary Shares,NASDAQ
ALXO,ALX Oncology Holdings Inc. - Common Stock,NASDAQ
ALZN,"Alzamend Neuro, Inc. - Common Stock",NASDAQ
AMAL,Amalgamated Financial Corp. - Common Stock,NASDAQ
AMAT,"Applied Materials, Inc. - Common Stock",NASDAQ
AMBA,"Ambarella, Inc. - Ordinary Shares",NASDAQ
AMCI,AMC Robotics Corporation - Common Stock,NASDAQ
AMCX,AMC Global Media Inc. - Class A Common Stock,NASDAQ
AMD,"Advanced Micro Devices, Inc. - Common Stock",NASDAQ
AMGN,Amgen Inc. - Common Stock,NASDAQ
AMIX,"Autonomix Medical, Inc. - Common Stock",NASDAQ
AMKR,"Amkor Technology, Inc. - Common Stock",NASDAQ
AMLX,"Amylyx Pharmaceuticals, Inc. - Common Stock",NASDAQ
AMOD,"Alpha Modus Holdings, Inc. - Class A Common Stock",NASDAQ
AMPG,"Amplitech Group, Inc. - Common Stock",NASDAQ
AMPH,"Amphastar Pharmaceuticals, Inc. - Common Stock",NASDAQ
AMPL,"Amplitude, Inc. - Class A Common Stock",NASDAQ
AMRX,"Amneal Pharmaceuticals, Inc. - Class A Common Stock",NASDAQ
AMSC,American Superconductor Corporation - Common Stock,NASDAQ
AMSF,"AMERISAFE, Inc. - Common Stock",NASDAQ
AMSS,AMASS Brands Inc. - Common Stock,NASDAQ
AMST,Amesite Inc. - Common Stock,NASDAQ
AMTX,"Aemetis, Inc - Common Stock",NASDAQ
AMZN,"Amazon.com, Inc. - Common Stock",NASDAQ
ANAB,"AnaptysBio, Inc. - Common Stock",NASDAQ
ANDE,"The Andersons, Inc. - Common Stock",NASDAQ
ANGH,Anghami Inc. - Ordinary Shares,NASDAQ
ANGI,Angi Inc. - Class A Common Stock,NASDAQ
ANGO,"AngioDynamics, Inc. - Common Stock",NASDAQ
ANIK,Anika Therapeutics Inc. - Common Stock,NASDAQ
ANIP,"ANI Pharmaceuticals, Inc. - Common Stock",NASDAQ
ANIX,"Anixa Biosciences, Inc. - Common Stock",NASDAQ
ANNA,"AleAnna, Inc. - Class A Common Stock",NASDAQ
ANNX,"Annexon, Inc. - common stock",NASDAQ
ANPA,Rich Sparkle Holdings Limited - Ordinary Shares,NASDAQ
ANTA,Antalpha Platform Holding Company - Class A Ordinary Shares,NASDAQ
ANTX,"AN2 Therapeutics, Inc. - Common Stock",NASDAQ
ANY,Sphere 3D Corp. - Common Shares,NASDAQ
AOSL,Alpha and Omega Semiconductor Limited - Common Shares,NASDAQ
AOUT,"American Outdoor Brands, Inc. - Common Stock",NASDAQ
APA,APA Corporation - Common Stock,NASDAQ
APC,ARKO Petroleum Corp. - Class A Common Stock,NASDAQ
APEI,"American Public Education, Inc. - Common Stock",NASDAQ
APGE,"Apogee Therapeutics, Inc. - Common Stock",NASDAQ
API,"Agora, Inc. - ADS",NASDAQ
APLD,Applied Digital Corporation - Common Stock,NASDAQ
APLM,Apollomics Inc. - Class A Ordinary Shares,NASDAQ
APMD,"Apnimed, Inc. - Common Stock",NASDAQ
APOG,"Apogee Enterprises, Inc. - Common Stock",NASDAQ
APP,Applovin Corporation - Class A Common Stock,NASDAQ
APPF,"AppFolio, Inc. - Class A Common Stock",NASDAQ
APPN,Appian Corporation - Class A Common Stock,NASDAQ
APPS,"Digital Turbine, Inc. - Common Stock",NASDAQ
APRE,"Aprea Therapeutics, Inc. - Common Stock",NASDAQ
APUR,Aperture AC - Class A Ordinary Shares,NASDAQ
APVO,Aptevo Therapeutics Inc. - Common Stock,NASDAQ
APWC,"Asia Pacific Wire & Cable Corporation Limited  - Common shares, Par value .01 per share",NASDAQ
APXT,Apex Treasury Corporation - Class A Ordinary Share,NASDAQ
APYX,Apyx Medical Corporation - Common Stock,NASDAQ
AQB,"AquaBounty Technologies, Inc. - Common Stock",NASDAQ
AQMS,"Aqua Metals, Inc. - Common Stock",NASDAQ
AQST,"Aquestive Therapeutics, Inc. - Common Stock",NASDAQ
ARAI,Arrive AI Inc. - Common Stock,NASDAQ
ARAY,Accuray Incorporated - Common Stock,NASDAQ
ARBB,ARB IOT Group Limited - Ordinary Shares,NASDAQ
ARBE,Arbe Robotics Ltd. - Ordinary Shares,NASDAQ
ARCB,ArcBest Corporation - Common Stock,NASDAQ
ARCI,Archimedes Tech SPAC Partners III Co. - Ordinary Share,NASDAQ
ARCT,Arcturus Therapeutics Holdings Inc. - Common Stock,NASDAQ
ARDX,"Ardelyx, Inc. - Common Stock",NASDAQ
ARHS,"Arhaus, Inc. - Class A Common Stock",NASDAQ
ARKO,ARKO Corp. - Common Stock,NASDAQ
ARKR,Ark Restaurants Corp. - Common Stock,NASDAQ
AROW,Arrow Financial Corporation - Common Stock,NASDAQ
ARQ,"Arq, Inc. - Common Stock",NASDAQ
ARQQ,Arqit Quantum Inc. - Ordinary Shares,NASDAQ
ARQT,"Arcutis Biotherapeutics, Inc. - Common stock",NASDAQ
ARRY,"Array Technologies, Inc. - Common Stock",NASDAQ
ARTL,"Artelo Biosciences, Inc. - Common Stock",NASDAQ
ARTNA,Artesian Resources Corporation - Class A Non-Voting Common Stock,NASDAQ
ARTV,"Artiva Biotherapeutics, Inc. - Common Stock",NASDAQ
ARTW,"Art's-Way Manufacturing Co., Inc. - Common Stock",NASDAQ
ARVN,"Arvinas, Inc. - Common Stock",NASDAQ
ARWR,"Arrowhead Pharmaceuticals, Inc. - Common Stock",NASDAQ
ARXS,"Arxis, Inc. - Class A Common Stock",NASDAQ
ASBP,"Aspire Biopharma Holdings, Inc.  - Common Stock",NASDAQ
ASLE,AerSale Corporation - Common Stock,NASDAQ
ASMB,"Assembly Biosciences, Inc. - Common Stock",NASDAQ
ASML,ASML Holding N.V. - New York Registry Shares,NASDAQ
ASND,Ascendis Pharma A/S - Ordinary Share,NASDAQ
ASO,"Academy Sports and Outdoors, Inc. - Common Stock",NASDAQ
ASPI,ASP Isotopes Inc. - Common Stock,NASDAQ
ASPS,Altisource Portfolio Solutions S.A. - Common Stock,NASDAQ
ASRV,AmeriServ Financial Inc. - Common Stock,NASDAQ
ASST,"Strive, Inc. - Class A Common Stock",NASDAQ
ASTC,Astrotech Corporation - Common Stock,NASDAQ
ASTE,"Astec Industries, Inc. - Common Stock",NASDAQ
ASTH,Astrana Health Inc. - Common Stock,NASDAQ
ASTI,"Ascent Solar Technologies, Inc - Common Stock",NASDAQ
ASTL,Algoma Steel Group Inc. - Common Shares,NASDAQ
ASTS,"AST SpaceMobile, Inc. - Class A Common Stock",NASDAQ
ASUR,Asure Software Inc - Common Stock,NASDAQ
ASYS,"Amtech Systems, Inc. - Common Stock",NASDAQ
ATAI,AtaiBeckley Inc. - Common Stock,NASDAQ
ATCX,Atlas Critical Minerals Corporation - Common Stock,NASDAQ
ATEC,"Alphatec Holdings, Inc. - Common Stock",NASDAQ
ATER,"Aterian, Inc. - Common Stock",NASDAQ
ATEX,Anterix Inc. - Common Stock,NASDAQ
ATGL,Alpha Technology Group Limited - Class A Ordinary Shares,NASDAQ
ATHR,"Aether Holdings, Inc. - Common Stock",NASDAQ
ATII,Archimedes Tech SPAC Partners II Co. - Ordinary Shares,NASDAQ
ATLC,Atlanticus Holdings Corporation - Common Stock,NASDAQ
ATLO,Ames National Corporation - Common Stock,NASDAQ
ATLX,Atlas Lithium Corporation - Common Stock,NASDAQ
ATNI,"ATN International, Inc. - Common Stock",NASDAQ
ATOM,Atomera Incorporated - Common Stock,NASDAQ
ATOS,"Atossa Therapeutics, Inc. - Common Stock",NASDAQ
ATPC,Agape ATP Corporation - Common Stock,NASDAQ
ATRA,"Atara Biotherapeutics, Inc. - Common Stock",NASDAQ
ATRC,"AtriCure, Inc. - Common Stock",NASDAQ
ATRO,Astronics Corporation - Common Stock,NASDAQ
ATXG,Addentax Group Corp. - Common Stock,NASDAQ
ATYR,"aTyr Pharma, Inc. - Common Stock",NASDAQ
AUBN,"Auburn National Bancorporation, Inc. - Common Stock",NASDAQ
AUC,ATIF Holdings Limited - Ordinary Shares,NASDAQ
AUDC,AudioCodes Ltd. - Ordinary Shares,NASDAQ
AUGO,Aura Minerals Inc. - Common Shares,NASDAQ
AUID,authID Inc. - Common Stock,NASDAQ
AUPH,Aurinia Pharmaceuticals Inc - Common Shares,NASDAQ
AUR,"Aurora Innovation, Inc.  - Class A Common Stock",NASDAQ
AURA,"Aura Biosciences, Inc. - Common Stock",NASDAQ
AURE,Aurelion Inc.  - Class A Ordinary Shares,NASDAQ
AUUD,Auddia Inc. - Common Stock,NASDAQ
AVAH,Aveanna Healthcare Holdings Inc. - Common Stock,NASDAQ
AVAT,Avalanche Treasury Corporation - Class A Common Stock,NASDAQ
AVAV,"AeroVironment, Inc. - Common Stock",NASDAQ
AVBH,"Avidbank Holdings, Inc. - Common Stock",NASDAQ
AVBP,"ArriVent BioPharma, Inc. - Common Stock",NASDAQ
AVGO,Broadcom Inc. - Common Stock,NASDAQ
AVIR,"Atea Pharmaceuticals, Inc. - common stock",NASDAQ
AVLN,Avalyn Pharma Inc. - common stock,NASDAQ
AVNW,"Aviat Networks, Inc. - Common Stock",NASDAQ
AVO,"Mission Produce, Inc. - Common Stock",NASDAQ
AVPT,"AvePoint, Inc. - Class A Common Stock",NASDAQ
AVR,Anteris Technologies Global Corp. - Common Stock,NASDAQ
AVT,"Avnet, Inc. - Common Stock",NASDAQ
AVTX,"Avalo Therapeutics, Inc. - Common Stock",NASDAQ
AVX,Avax One Technology Ltd. - Common Shares,NASDAQ
AWRE,"Aware, Inc. - Common Stock",NASDAQ
AXG,Solowin Holdings - Class A Ordinary Share,NASDAQ
AXGN,"Axogen, Inc. - Common Stock",NASDAQ
AXON,"Axon Enterprise, Inc. - Common Stock",NASDAQ
AXSM,"Axsome Therapeutics, Inc. - Common Stock",NASDAQ
AXTI,AXT Inc - Common Stock,NASDAQ
AYA,Aya Gold & Silver Inc. - Common Shares,NASDAQ
AYTU,"Aytu BioPharma, Inc.  - Common Stock",NASDAQ
AZ,A2Z Cust2Mate Solutions Corp. - Common Shares,NASDAQ
AZI,Autozi Internet Technology (Global) Ltd. - Class A Ordinary Shares,NASDAQ
AZIO,"Azio AI Holdings, Inc. - Common stock",NASDAQ
AZTA,"Azenta, Inc. - Common Stock",NASDAQ
BAER,"Bridger Aerospace Group Holdings, Inc. - Common Stock",NASDAQ
BAFN,BayFirst Financial Corp. - Common Stock,NASDAQ
BAND,Bandwidth Inc. - Class A Common Stock,NASDAQ
BANF,BancFirst Corporation - Common Stock,NASDAQ
BANL,CBL International Limited - Class B Ordinary Shares,NASDAQ
BANR,Banner Corporation - Common Stock,NASDAQ
BAOS,Baosheng Media Group Holdings Limited - Ordinary shares,NASDAQ
BATRA,"Atlanta Braves Holdings, Inc. - Series A Common Stock",NASDAQ
BATRK,"Atlanta Braves Holdings, Inc. - Series C Common Stock",NASDAQ
BBCP,"Concrete Pumping Holdings, Inc.  - Common Stock",NASDAQ
BBGI,"Beasley Broadcast Group, Inc. - Class A Common Stock",NASDAQ
BBIO,"BridgeBio Pharma, Inc. - Common Stock",NASDAQ
BBLG,Bone Biologics Corp - Common Stock,NASDAQ
BBNX,"Beta Bionics, Inc. - Common Stock",NASDAQ
BBOT,"BridgeBio Oncology Therapeutics, Inc. - Common Stock",NASDAQ
BBSI,"Barrett Business Services, Inc. - Common Stock",NASDAQ
BCAB,"BioAtla, Inc. - Common Stock",NASDAQ
BCAL,California BanCorp - Common Stock,NASDAQ
BCAX,Bicara Therapeutics Inc. - Common Stock,NASDAQ
BCBP,"BCB Bancorp, Inc. (NJ) - Common Stock",NASDAQ
BCDA,"BioCardia, Inc. - Common Stock",NASDAQ
BCG,"Binah Capital Group, Inc. - Common Stock",NASDAQ
BCML,BayCom Corp - Common Stock,NASDAQ
BCPC,Balchem Corporation - Common Stock,NASDAQ
BCRX,"BioCryst Pharmaceuticals, Inc. - Common Stock",NASDAQ
BCTX,BriaCell Therapeutics Corp. - Common Shares,NASDAQ
BDCI,BTC Development Corp. - Class A Ordinary Shares,NASDAQ
BDMD,Baird Medical Investment Holdings Ltd - Ordinary Share,NASDAQ
BDSX,"Biodesix, Inc. - Common Stock",NASDAQ
BDTX,"Black Diamond Therapeutics, Inc. - Common Stock",NASDAQ
BEAM,Beam Therapeutics Inc. - Common Stock,NASDAQ
BEAT,"Heartbeam, Inc. - Common Stock",NASDAQ
BEEM,Beam Global - Common Stock,NASDAQ
BEEP,Mobile Infrastructure Corporation - Common Stock,NASDAQ
BELFA,Bel Fuse Inc. - Class A Common Stock,NASDAQ
BELFB,Bel Fuse Inc. - Class B Common Stock,NASDAQ
BENF,Beneficient - Class A Common Stock,NASDAQ
BETR,Better Home & Finance Holding Company - Class A Common Stock,NASDAQ
BFC,Bank First Corporation - Common Stock,NASDAQ
BFRG,"Bullfrog AI Holdings, Inc. - Common Stock",NASDAQ
BFRI,Biofrontera Inc. - Common Stock,NASDAQ
BFST,"Business First Bancshares, Inc. - Common Stock",NASDAQ
BGC,"BGC Group, Inc. - Class A Common Stock",NASDAQ
BGDE,"Big Digital Energy, Inc. - Common Stock",NASDAQ
BGIN,Bgin Blockchain Limited - Class A Ordinary Shares,NASDAQ
BGL,Blue Gold Limited - Class A ordinary shares,NASDAQ
BGLC,BioNexus Gene Lab Corp - Common stock,NASDAQ
BGM,BGM Group Ltd. - Class A Ordinary Shares,NASDAQ
BGMS,"Bio Green Med Solution, Inc. - Common Stock",NASDAQ
BHRB,Burke & Herbert Financial Services Corp. - Common Stock,NASDAQ
BHST,BioHarvest Sciences Inc. - Common Stock,NASDAQ
BIAF,"bioAffinity Technologies, Inc. - Common Stock",NASDAQ
BIIB,Biogen Inc. - Common Stock,NASDAQ
BIOA,"BioAge Labs, Inc. - Common Stock",NASDAQ
BIOT,Instinct Bio Technical Company Holdings Inc. - Common stock,NASDAQ
BIOX,Bioceres Crop Solutions Corp. - Ordinary Shares,NASDAQ
BIRD,"Smartbird, Inc. - Class A Common Stock",NASDAQ
BIVI,BioVie Inc. - Common stock,NASDAQ
BIYA,Baiya International Group Inc.  - Ordinary Shares,NASDAQ
BJDX,"Bluejay Diagnostics, Inc. - Common Stock",NASDAQ
BJRI,"BJ's Restaurants, Inc. - Common Stock",NASDAQ
BKNG,Booking Holdings Inc. - Common Stock,NASDAQ
BKR,Baker Hughes Company - Common Stock,NASDAQ
BKYI,"BIO-key International, Inc. - Common Stock",NASDAQ
BL,"BlackLine, Inc. - Common Stock",NASDAQ
BLBD,Blue Bird Corporation - Common Stock,NASDAQ
BLDP,"Ballard Power Systems, Inc. - Common Shares",NASDAQ
BLFS,"BioLife Solutions, Inc. - Common Stock",NASDAQ
BLIN,"Bridgeline Digital, Inc. - Common Stock",NASDAQ
BLIV,BeLive Holdings - ordinary shares,NASDAQ
BLKB,"Blackbaud, Inc. - Common Stock",NASDAQ
BLLN,"BillionToOne, Inc. - Class A common stock",NASDAQ
BLMN,"Bloomin' Brands, Inc. - Common Stock",NASDAQ
BLNE,"Beeline Holdings, Inc. - Common Stock",NASDAQ
BLNK,Blink Charging Co. - Common Stock,NASDAQ
BLZE,"Backblaze, Inc. - Common Stock",NASDAQ
BMBL,Bumble Inc. - common stock,NASDAQ
BMEA,"Biomea Fusion, Inc. - Common Stock",NASDAQ
BMGL,Basel Medical Group Ltd - ordinary shares,NASDAQ
BMHL,Bluemount Holdings Limited - Class B Ordinary Shares,NASDAQ
BMM,Blue Moon Metals Inc. - Common Shares,NASDAQ
BMR,Beamr Imaging Ltd. - Ordinary Share,NASDAQ
BMRA,"Biomerica, Inc. - Common Stock",NASDAQ
BMRC,Bank of Marin Bancorp - Common Stock,NASDAQ
BMRN,BioMarin Pharmaceutical Inc. - Common Stock,NASDAQ
BNAI,Brand Engagement Network Inc. - Common Stock,NASDAQ
BNC,CEA Industries Inc. - Common Stock,NASDAQ
BNGO,"Bionano Genomics, Inc. - Common Stock",NASDAQ
BNKK,"Bonk, Inc. - Common Stock",NASDAQ
BNRG,Brenmiller Energy Ltd - Ordinary Shares,NASDAQ
BNTC,Benitec Biopharma Inc. - Common Stock,NASDAQ
BNZI,"Banzai International, Inc. - Class A Common Stock",NASDAQ
BODI,"The Beachbody Company, Inc. - Class A Common Stock",NASDAQ
BOF,BranchOut Food Inc. - Common Stock,NASDAQ
BOKF,BOK Financial Corporation - Common Stock,NASDAQ
BOLD,"Boundless Bio, Inc. - Common Stock",NASDAQ
BOLT,"Bolt Biotherapeutics, Inc. - Common Stock",NASDAQ
BON,Bon Natural Life Limited - Class A Ordinary Shares,NASDAQ
BOOM,DMC Global Inc. - Common Stock,NASDAQ
BOSC,B.O.S. Better Online Solutions - Ordinary Shares,NASDAQ
BOT,"RoboStrategy, Inc. - Common Stock",NASDAQ
BOTJ,"Bank of the James Financial Group, Inc. - Common Stock",NASDAQ
BOXL,Boxlight Corporation - Class A Common Stock,NASDAQ
BPOP,"Popular, Inc. - Common Stock",NASDAQ
BPRN,"Princeton Bancorp, Inc. - Common Stock",NASDAQ
BRAG,Bragg Gaming Group Inc. - Common Shares,NASDAQ
BRAI,Braiin Limited - Common Stock,NASDAQ
BRBI,BRBI BR Partners S.A. - ADSs,NASDAQ
BRCB,"Black Rock Coffee Bar, Inc. - Class A Common Stock",NASDAQ
BRFH,Barfresh Food Group Inc. - Common Stock,NASDAQ
BRID,Bridgford Foods Corporation - Common Stock,NASDAQ
BRKR,Bruker Corporation - Common Stock,NASDAQ
BRLS,Borealis Foods Inc. - Class A Common Shares,NASDAQ
BRLT,"Brilliant Earth Group, Inc. - Class A Common Stock",NASDAQ
BRR,"ProCap Financial, Inc. - Common Stock",NASDAQ
BRTX,"BioRestorative Therapies, Inc. - Common Stock",NASDAQ
BRUN,Boost Run Inc. - Class A Common Stock,NASDAQ
BRZE,"Braze, Inc. - Class A Common Stock",NASDAQ
BSBK,Bogota Financial Corp. - Common Stock,NASDAQ
BSET,"Bassett Furniture Industries, Incorporated - Common Stock",NASDAQ
BSIN,Big Sky Industrial Inc. - Common Stock,NASDAQ
BSP,Bending Spoons S.p.A. - Ordinary Shares,NASDAQ
BSRR,Sierra Bancorp - Common Stock,NASDAQ
BSVN,Bank7 Corp. - Common stock,NASDAQ
BSY,"Bentley Systems, Incorporated - Class B Common Stock",NASDAQ
BTAI,"BioXcel Therapeutics, Inc. - Common Stock",NASDAQ
BTBD,"BT Brands, Inc. - Common Stock",NASDAQ
BTBT,"Bit Digital, Inc. - Ordinary Share",NASDAQ
BTCS,BTCS Inc. - Common Stock,NASDAQ
BTCT,BTC Digital Ltd. - Ordinary Shares,NASDAQ
BTDR,Bitdeer Technologies Group - Ordinary Shares,NASDAQ
BTMD,Biote Corp. - Class A common stock,NASDAQ
BTOC,Armlogi Holding Corp. - common stock,NASDAQ
BTOG,Bit Origin Limited - Class A Ordinary Shares,NASDAQ
BTQ,BTQ Technologies Corp. - Common Stock,NASDAQ
BTTC,Black Titan Corp - Ordinary Shares,NASDAQ
BULL,Webull Corporation - Class A Ordinary Shares,NASDAQ
BUSE,First Busey Corporation - Common Stock,NASDAQ
BUUU,BUUU Group Limited - Class A Ordinary Share,NASDAQ
BVC,BitVentures Limited - Ordinary Share,NASDAQ
BVFL,"BV Financial, Inc. - Common Stock",NASDAQ
BVS,Bioventus Inc. - Class A Common Stock,NASDAQ
BWB,"Bridgewater Bancshares, Inc. - Common Stock",NASDAQ
BWEN,"Broadwind, Inc. - Common Stock",NASDAQ
BWFG,"Bankwell Financial Group, Inc. - Common Stock",NASDAQ
BWIN,"The Baldwin Insurance Group, Inc. - Class A Common Stock",NASDAQ
BWMN,Bowman Consulting Group Ltd. - Common Stock,NASDAQ
BXBL,"BOXABL, Inc.  - Common stock",NASDAQ
BYAH,"Park Ha Biological Technology Co., Ltd. - Class A Ordinary Shares",NASDAQ
BYFC,Broadway Financial Corporation - Class A Common Stock,NASDAQ
BYND,"Beyond Meat, Inc. - Common stock",NASDAQ
BYRN,"Byrna Technologies, Inc. - Common Stock",NASDAQ
BYSI,"BeyondSpring, Inc. - Ordinary Shares",NASDAQ
BZ,KANZHUN LIMITED - American Depository Shares,NASDAQ
BZAI,"Blaize Holdings, Inc. - Common Stock",NASDAQ
BZFD,"BuzzFeed, Inc. - Class A Common Stock",NASDAQ
CAAS,"China Automotive Systems, Inc. - Ordinary Share",NASDAQ
CABA,"Cabaletta Bio, Inc. - Common Stock",NASDAQ
CABR,"Caring Brands, Inc. - Common Stock",NASDAQ
CAC,Camden National Corporation - Common Stock,NASDAQ
CACC,Credit Acceptance Corporation - Common Stock,NASDAQ
CADL,"Candel Therapeutics, Inc. - Common Stock",NASDAQ
CAE,CAE Inc - Common Shares,NASDAQ
CAES,"Cantor Equity Partners VII, Inc. - Class A Ordinary Shares",NASDAQ
CAI,"Caris Life Sciences, Inc. - Common Stock",NASDAQ
CAKE,The Cheesecake Factory Incorporated - Common Stock,NASDAQ
CALC,"CalciMedica, Inc. - Common Stock",NASDAQ
CALM,"Cal-Maine Foods, Inc. - Common Stock",NASDAQ
CAMP,CAMP4 Therapeutics Corporation - Common Stock,NASDAQ
CAMT,Camtek Ltd. - Ordinary Shares,NASDAQ
CAPR,"Capricor Therapeutics, Inc. - Common Stock",NASDAQ
CAPS,Capstone Holding Corp. - Common Stock,NASDAQ
CAR,"Avis Budget Group, Inc. - Common Stock",NASDAQ
CARE,"Carter Bankshares, Inc. - Common Stock",NASDAQ
CARG,"CarGurus, Inc. - Class A Common Stock",NASDAQ
CARL,"Carlsmed, Inc. - Common Stock",NASDAQ
CART,Maplebear Inc. - Common Stock,NASDAQ
CASH,"Pathward Financial, Inc. - Common Stock",NASDAQ
CASS,"Cass Information Systems, Inc - Common Stock",NASDAQ
CAST,"FreeCast, Inc. - Class A common stock",NASDAQ
CASY,"Caseys General Stores, Inc. - Common Stock",NASDAQ
CATY,Cathay General Bancorp - Common Stock,NASDAQ
CBAT,CBAK Energy Technology Limited - Ordinary Shares,NASDAQ
CBC,"Central Bancompany, Inc. - Class A Common Stock",NASDAQ
CBFV,"CB Financial Services, Inc. - Common Stock",NASDAQ
CBIO,"Crescent Biopharma, Inc. - Common Stock",NASDAQ
CBK,"Commercial Bancgroup, Inc. - Common Stock",NASDAQ
CBLL,"CeriBell, Inc. - Common Stock",NASDAQ
CBNK,"Capital Bancorp, Inc. - Common Stock",NASDAQ
CBRL,"Cracker Barrel Old Country Store, Inc. - Common Stock",NASDAQ
CBRS,Cerebras Systems Inc. - Class A Common Stock,NASDAQ
CBSH,"Commerce Bancshares, Inc. - Common Stock",NASDAQ
CBUS,"Cibus, Inc. - Class A Common Stock",NASDAQ
CCAP,"Crescent Capital BDC, Inc. - Common Stock",NASDAQ
CCB,Coastal Financial Corporation - Common Stock,NASDAQ
CCBG,Capital City Bank Group - Common Stock,NASDAQ
CCC,CCC Intelligent Solutions Holdings Inc. - Common Stock,NASDAQ
CCCC,"C4 Therapeutics, Inc. - Common Stock",NASDAQ
CCCT,Columbus Circle Capital Corp III - Class A Ordinary Shares,NASDAQ
CCEC,Capital Clean Energy Carriers Corp. - Common Share,NASDAQ
CCEP,Coca-Cola Europacific Partners plc - Ordinary Shares,NASDAQ
CCG,Cheche Group Inc. - Class A Ordinary Shares,NASDAQ
CCHH,CCH Holdings Ltd - Class A Ordinary Shares,NASDAQ
CCLD,"CareCloud, Inc. - Common Stock",NASDAQ
CCNE,CNB Financial Corporation - Common Stock,NASDAQ
CCOI,"Cogent Communications Holdings, Inc. - Common Stock",NASDAQ
CCSI,"Consensus Cloud Solutions, Inc. - Common Stock",NASDAQ
CCTG,CCSC Technology International Holdings Limited - Class A Ordinary Shares,NASDAQ
CCXI,Churchill Capital Corp XI - Class A Ordinary Shares,NASDAQ
CD,Chaince Digital Holdings Inc. - American Ordinary Shares,NASDAQ
CDIO,Cardio Diagnostics Holdings Inc. - Common stock,NASDAQ
CDLX,"Cardlytics, Inc. - Common Stock",NASDAQ
CDNA,"CareDx, Inc. - Common Stock",NASDAQ
CDNL,Cardinal Infrastructure Group Inc. - Class A Common Stock,NASDAQ
CDNS,"Cadence Design Systems, Inc. - Common Stock",NASDAQ
CDRO,"Codere Online Luxembourg, S.A. - Ordinary Shares",NASDAQ
CDT,CDT Equity Inc. - Common Stock,NASDAQ
CDTG,CDT Environmental Technology Investment Holdings Limited - ordinary shares,NASDAQ
CDW,CDW Corporation - Common Stock,NASDAQ
CDXS,"Codexis, Inc. - Common Stock",NASDAQ
CDZI,"Cadiz, Inc. - Common Stock",NASDAQ
CECO,CECO Environmental Corp. - Common Stock,NASDAQ
CEG,Constellation Energy Corporation - Common Stock When-Issued,NASDAQ
CELC,Celcuity Inc. - Common Stock,NASDAQ
CELH,"Celsius Holdings, Inc. - Common Stock",NASDAQ
CELZ,"Creative Medical Technology Holdings, Inc. - Common Stock",NASDAQ
CENN,Cenntro Inc. - Common Stock,NASDAQ
CENT,Central Garden & Pet Company - Common Stock,NASDAQ
CENTA,Central Garden & Pet Company - Class A Common Stock Nonvoting,NASDAQ
CENX,Century Aluminum Company - Common Stock,NASDAQ
CEPF,"Cantor Equity Partners IV, Inc. - Class A Ordinary Shares",NASDAQ
CEPL,"Capstone Energy Plus, Inc. - Common Stock",NASDAQ
CEPO,"Cantor Equity Partners I, Inc. - Class A Ordinary Shares",NASDAQ
CEPS,"Cantor Equity Partners VI, Inc. - Class A Ordinary Shares",NASDAQ
CEPV,"Cantor Equity Partners V, Inc. - Class A Ordinary Shares",NASDAQ
CERS,Cerus Corporation - Common Stock,NASDAQ
CERT,"Certara, Inc. - Common Stock",NASDAQ
CETX,Cemtrex Inc. - Common Stock,NASDAQ
CETY,"Clean Energy Technologies, Inc. - Common Stock",NASDAQ
CEVA,"CEVA, Inc. - Common Stock",NASDAQ
CFBK,CF Bankshares Inc. - Common Stock,NASDAQ
CFFI,C&F Financial Corporation - Common Stock,NASDAQ
CFFN,"Capitol Federal Financial, Inc. - Common Stock",NASDAQ
CG,The Carlyle Group Inc. - Common Stock,NASDAQ
CGC,Canopy Growth Corporation - Common Shares,NASDAQ
CGEM,"Cullinan Therapeutics, Inc. - Common Stock",NASDAQ
CGEN,Compugen Ltd. - Ordinary Shares,NASDAQ
CGNT,Cognyte Software Ltd. - Ordinary Shares,NASDAQ
CGNX,Cognex Corporation - Common Stock,NASDAQ
CGON,"CG Oncology, Inc. - Common stock",NASDAQ
CGTL,Creative Global Technology Holdings Limited - Class A Ordinary Shares,NASDAQ
CGTX,"Cognition Therapeutics, Inc. - Common Stock",NASDAQ
CHAI,"Core AI Holdings, Inc. - Common Shares",NASDAQ
CHCI,"Comstock Holding Companies, Inc. - Class A Common Stock",NASDAQ
CHCO,City Holding Company - Common Stock,NASDAQ
CHDN,"Churchill Downs, Incorporated - Common Stock",NASDAQ
CHEF,"The Chefs' Warehouse, Inc. - Common Stock",NASDAQ
CHGA,Change Agents Corporation  - Common Stock,NASDAQ
CHKP,Check Point Software Technologies Ltd. - Ordinary Shares,NASDAQ
CHMG,Chemung Financial Corp  - Common Stock,NASDAQ
CHNR,"China Natural Resources, Inc. - Common Shares",NASDAQ
CHR,"Cheer Holding, Inc.  - Class A Ordinary Share",NASDAQ
CHRD,Chord Energy Corporation - Common Stock,NASDAQ
CHRN,ChronoScale Holdings Corporation - Common Stock,NASDAQ
CHRS,"Coherus Oncology, Inc. - Common Stock",NASDAQ
CHRW,"C.H. Robinson Worldwide, Inc. - Common Stock",NASDAQ
CHSN,Chanson International Holding - Class A Ordinary Shares,NASDAQ
CHTR,"Charter Communications, Inc. - Class A Common Stock",NASDAQ
CHYM,"Chime Financial, Inc. - Class A Common Stock",NASDAQ
CIFR,Cipher Digital Inc. - Common Stock,NASDAQ
CIGI,Colliers International Group Inc.  - Subordinate Voting Shares,NASDAQ
CIGL,Concorde International Group Ltd - Class A Ordinary Shares,NASDAQ
CIIT,"Tianci International, Inc. - Common Stock",NASDAQ
CINF,Cincinnati Financial Corporation - Common Stock,NASDAQ
CING,Cingulate Inc. - Common Stock,NASDAQ
CIRC,"Circle8 Group, Inc. - Common Stock",NASDAQ
CISO,"CISO Global, Inc. - Common Stock",NASDAQ
CISS,C3is Inc. - Common Stock,NASDAQ
CIVB,"Civista Bancshares, Inc.  - Common Stock",NASDAQ
CJMB,Callan JMB Inc. - Common Stock,NASDAQ
CLAR,Clarus Corporation - Common Stock,NASDAQ
CLBK,"Columbia Financial, Inc. - Common Stock",NASDAQ
CLBT,Cellebrite DI Ltd. - Ordinary Shares,NASDAQ
CLDX,"Celldex Therapeutics, Inc. - Common Stock",NASDAQ
CLFD,"Clearfield, Inc. - Common Stock",NASDAQ
CLGN,CollPlant Biotechnologies Ltd. - Ordinary Shares,NASDAQ
CLIK,Click Holdings Limited - Ordinary Share,NASDAQ
CLIR,ClearSign Technologies Corporation - Common Stock,NASDAQ
CLMB,"Climb Global Solutions, Inc. - Common Stock",NASDAQ
CLMT,"Calumet, Inc - Common Stock",NASDAQ
CLNE,Clean Energy Fuels Corp. - Common Stock,NASDAQ
CLNN,Clene Inc. - Common Stock,NASDAQ
CLOV,"Clover Health Investments, Corp.  - Class A Common stock",NASDAQ
CLPS,CLPS Incorporation - Common Stock,NASDAQ
CLPT,ClearPoint Neuro Inc. - Common Stock,NASDAQ
CLRB,"Cellectar Biosciences, Inc. - Common Stock",NASDAQ
CLRO,"ClearOne, Inc. - Common Stock",NASDAQ
CLSK,"CleanSpark, Inc. - Common Stock",NASDAQ
CLST,"Catalyst Bancorp, Inc. - common stock",NASDAQ
CLWT,Euro Tech Holdings Company Limited - Ordinary Shares,NASDAQ
CLYM,"Climb Bio, Inc. - Common Stock",NASDAQ
CMCO,Columbus McKinnon Corporation - Common Stock,NASDAQ
CMCSA,Comcast Corporation - Class A Common Stock,NASDAQ
CMCT,Creative Media  - Common Stock,NASDAQ
CME,CME Group Inc. - Class A Common Stock,NASDAQ
CMII,Columbus Circle Capital Corp II - Class A Ordinary Shares,NASDAQ
CMND,Clearmind Medicine Inc. - Common Shares,NASDAQ
CMPR,Cimpress plc - Ordinary Shares,NASDAQ
CMPS,COMPASS Pathways Plc - American Depository Shares,NASDAQ
CMPX,"Compass Therapeutics, Inc. - Common Stock",NASDAQ
CMRC,"Commerce.com, Inc. - Series 1 Common Stock",NASDAQ
CMTL,Comtech Telecommunications Corp. - Common Stock,NASDAQ
CNCK,Coincheck Group N.V. - Ordinary Shares,NASDAQ
CNDT,Conduent Incorporated - Common Stock,NASDAQ
CNET,ZW Data Action Technologies Inc. - Common Stock,NASDAQ
CNEY,CN Energy Group Inc. - Class A Ordinary Shares,NASDAQ
CNOB,"ConnectOne Bancorp, Inc. - Common Stock",NASDAQ
CNSP,"CNS Pharmaceuticals, Inc. - Common Stock",NASDAQ
CNTB,Connect Biopharma Holdings Limited - Ordinary Shares,NASDAQ
CNTN,"Canton Strategic Holdings, Inc. - Common Stock",NASDAQ
CNTX,Context Therapeutics Inc. - Common Stock,NASDAQ
CNTY,"Century Casinos, Inc. - Common Stock",NASDAQ
CNVS,Cineverse Corp. - Class A Common Stock,NASDAQ
CNXC,Concentrix Corporation - Common Stock,NASDAQ
CNXN,"PC Connection, Inc. - Common Stock",NASDAQ
CNXU,Conexeu Sciences Inc. - Common Stock,NASDAQ
COAG,"Hemab Therapeutics Holdings, Inc. - Common Stock",NASDAQ
COCH,"Envoy Medical, Inc. - Class A Common Stock",NASDAQ
COCO,"The Vita Coco Company, Inc. - Common Stock",NASDAQ
COCP,"Cocrystal Pharma, Inc. - Common Stock",NASDAQ
CODA,"Coda Octopus Group, Inc. - Common stock",NASDAQ
CODX,"Co-Diagnostics, Inc. - Common Stock",NASDAQ
COFS,"ChoiceOne Financial Services, Inc. - Common Stock",NASDAQ
COGT,"Cogent Biosciences, Inc. - Common Stock",NASDAQ
COHU,"Cohu, Inc. - Common Stock",NASDAQ
COIN,"Coinbase Global, Inc. - Class A Common Stock",NASDAQ
COKE,"Coca-Cola Consolidated, Inc. - Common Stock",NASDAQ
COLB,"Columbia Banking System, Inc. - Common Stock",NASDAQ
COLL,"Collegium Pharmaceutical, Inc. - Common Stock",NASDAQ
COLM,Columbia Sportswear Company - Common Stock,NASDAQ
COO,"The Cooper Companies, Inc.  - Common Stock",NASDAQ
COOT,Australian Oilseeds Holdings Limited - Ordinary Shares,NASDAQ
CORT,Corcept Therapeutics Incorporated - Common Stock,NASDAQ
CORZ,"Core Scientific, Inc. - Common Stock",NASDAQ
COSM,Cosmos Health Inc. - Common Stock,NASDAQ
COST,Costco Wholesale Corporation - Common Stock,NASDAQ
COYA,"Coya Therapeutics, Inc. - Common Stock",NASDAQ
CPB,The Campbell's Company - Common Stock,NASDAQ
CPBI,"Central Plains Bancshares, Inc. - Common Stock",NASDAQ
CPHC,Canterbury Park Holding Corporation - Common Stock,NASDAQ
CPIX,Cumberland Pharmaceuticals Inc. - Common Stock,NASDAQ
CPOP,"Pop Culture Group Co., Ltd - Class A Ordinary Shares",NASDAQ
CPRT,"Copart, Inc. - Common Stock",NASDAQ
CPSH,CPS Technologies Corp. - Common Stock,NASDAQ
CPSS,"Consumer Portfolio Services, Inc. - Common Stock",NASDAQ
CRAI,"CRA International,Inc. - Common Stock",NASDAQ
CRBP,"Corbus Pharmaceuticals Holdings, Inc. - Common Stock",NASDAQ
CRBU,"Caribou Biosciences, Inc. - Common Stock",NASDAQ
CRCT,"Cricut, Inc. - Class A common stock",NASDAQ
CRDF,"Cardiff Oncology, Inc. - Common Stock",NASDAQ
CRDL,Cardiol Therapeutics Inc. - Class A Common Shares,NASDAQ
CRDO,Credo Technology Group Holding Ltd - Ordinary Shares,NASDAQ
CRE,Cre8 Enterprise Limited - Class A Ordinary Shares,NASDAQ
CREX,"Creative Realities, Inc. - Common Stock",NASDAQ
CRGO,Freightos Limited - Ordinary shares,NASDAQ
CRIS,"Curis, Inc. - Common Stock",NASDAQ
CRMD,CorMedix Inc. - Common Stock,NASDAQ
CRML,Critical Metals Corp. - Ordinary Shares,NASDAQ
CRMT,"America's Car-Mart, Inc. - Common Stock",NASDAQ
CRNC,Cerence Inc. - Common Stock,NASDAQ
CRNT,Ceragon Networks Ltd. - Ordinary Shares,NASDAQ
CRNX,"Crinetics Pharmaceuticals, Inc. - Common Stock",NASDAQ
CRON,Cronos Group Inc. - Common Share,NASDAQ
CROX,"Crocs, Inc. - Common Stock",NASDAQ
CRSP,CRISPR Therapeutics AG - Common Shares,NASDAQ
CRSR,"Corsair Gaming, Inc. - Common Stock",NASDAQ
CRTO,Criteo S.A. - Ordinary Shares,NASDAQ
CRUS,"Cirrus Logic, Inc. - Common Stock",NASDAQ
CRVL,CorVel Corp. - Common Stock,NASDAQ
CRVO,CervoMed Inc. - Common Stock,NASDAQ
CRVS,"Corvus Pharmaceuticals, Inc. - Common Stock",NASDAQ
CRWD,"CrowdStrike Holdings, Inc. - Class A Common Stock",NASDAQ
CRWS,"Crown Crafts, Inc. - Common Stock",NASDAQ
CRWV,"CoreWeave, Inc. - Class A Common Stock",NASDAQ
CSAI,"Cloudastructure, Inc. - Class A Common Stock",NASDAQ
CSBR,"Champions Oncology, Inc. - Common Stock",NASDAQ
CSCO,"Cisco Systems, Inc. - Common Stock",NASDAQ
CSGP,"CoStar Group, Inc. - Common Stock",NASDAQ
CSHR,CoinShares PLC - Ordinary Shares,NASDAQ
CSIQ,Canadian Solar Inc. - Common Shares,NASDAQ
CSPI,CSP Inc. - Common Stock,NASDAQ
CSTE,Caesarstone Ltd. - Ordinary Shares,NASDAQ
CSTL,"Castle Biosciences, Inc. - Common stock",NASDAQ
CSWC,Capital Southwest Corporation - Common Stock,NASDAQ
CSX,CSX Corporation - Common Stock,NASDAQ
CTAS,Cintas Corporation - Common Stock,NASDAQ
CTKB,"Cytek Biosciences, Inc. - Common Stock",NASDAQ
CTMX,"CytomX Therapeutics, Inc. - Common Stock",NASDAQ
CTNM,"Contineum Therapeutics, Inc. - Common stock",NASDAQ
CTNT,Cheetah Net Supply Chain Service Inc. - Class A Common Stock,NASDAQ
CTOR,"Citius Oncology, Inc.  - Common Stock",NASDAQ
CTRM,Castor Maritime Inc. - Common Shares,NASDAQ
CTRN,"Citi Trends, Inc. - Common Stock",NASDAQ
CTSH,Cognizant Technology Solutions Corporation - Class A Common Stock,NASDAQ
CTSO,Cytosorbents Corporation - Common Stock,NASDAQ
CTW,CTW - Class A Ordinary Shares,NASDAQ
CTXR,"Citius Pharmaceuticals, Inc. - Common Stock",NASDAQ
CUB,Lionheart Holdings - Class A Ordinary Shares,NASDAQ
CUE,"Cue Biopharma, Inc. - Common Stock",NASDAQ
CULP,"Culp, Inc. - Common Shares",NASDAQ
CUPR,Cuprina Holdings (Cayman) Limited - Class A Ordinary shares,NASDAQ
CURI,CuriosityStream Inc.  - Class A Common Stock,NASDAQ
CURR,Currenc Group Inc. - Ordinary Shares,NASDAQ
CURX,Curanex Pharmaceuticals Inc - Common Stock,NASDAQ
CV,"CapsoVision, Inc. - Common Stock",NASDAQ
CVBF,CVB Financial Corporation - Common Stock,NASDAQ
CVCO,"Cavco Industries, Inc. - Common Stock",NASDAQ
CVGI,"Commercial Vehicle Group, Inc. - Common Stock",NASDAQ
CVKD,"Cadrenal Therapeutics, Inc. - Common Stock",NASDAQ
CVLT,"Commvault Systems, Inc. - Common Stock",NASDAQ
CVRX,"CVRx, Inc. - Common Stock",NASDAQ
CVV,CVD Equipment Corporation - Common Stock,NASDAQ
CWCO,Consolidated Water Co. Ltd. - Ordinary Shares,NASDAQ
CWD,CaliberCos Inc. - Class A Common Stock,NASDAQ
CWST,"Casella Waste Systems, Inc. - Class A Common Stock",NASDAQ
CXAI,CXApp Inc. - Class A Common Stock,NASDAQ
CXDO,"Crexendo, Inc. - Common Stock",NASDAQ
CXII,Churchill Capital Corp XII - Class A Ordinary Shares,NASDAQ
CYAB,"Cyabra, Inc. - Common Stock",NASDAQ
CYCN,"Cyclerion Therapeutics, Inc. - Common Stock",NASDAQ
CYCU,"Cycurion, Inc. - Common Stock",NASDAQ
CYN,Cyngn Inc. - Common stock,NASDAQ
CYPH,Cypherpunk Technologies Inc. - Common Stock,NASDAQ
CYRX,"CryoPort, Inc. - Common Stock",NASDAQ
CYTK,"Cytokinetics, Incorporated - Common Stock",NASDAQ
CZFS,"Citizens Financial Services, Inc. - Common Stock",NASDAQ
CZNC,Citizens & Northern Corp - Common Stock,NASDAQ
CZR,"Caesars Entertainment, Inc. - Common Stock",NASDAQ
DAIC,"CID HoldCo, Inc. - Common Stock",NASDAQ
DAIO,Data I/O Corporation - Common Stock,NASDAQ
DAKT,"Daktronics, Inc. - Common Stock",NASDAQ
DARE,"Dare Bioscience, Inc. - Common Stock",NASDAQ
DASH,"DoorDash, Inc. - Common Stock",NASDAQ
DAVE,Dave Inc.  - Class A Common Stock,NASDAQ
DBGI,"Digital Brands Group, Inc. - Common Stock",NASDAQ
DBX,"Dropbox, Inc. - Class A Common Stock",NASDAQ
DCBO,Docebo Inc. - Common Shares,NASDAQ
DCGO,DocGo Inc. - Common Stock,NASDAQ
DCOY,Decoy Therapeutics Inc. - Common Stock,NASDAQ
DCTH,"Delcath Systems, Inc. - Common Stock",NASDAQ
DCX,Digital Currency X Technology Inc. - Class A Ordinary Shares,NASDAQ
DDI,"DoubleDown Interactive Co., Ltd. - American Depository Shares",NASDAQ
DDOG,"Datadog, Inc. - Class A Common Stock",NASDAQ
DEFT,"Defi Technologies, Inc. - Common Stock",NASDAQ
DERM,Journey Medical Corporation - Common Stock,NASDAQ
DETX,"Liberty Defense Holdings, Ltd. - Common Shares",NASDAQ
DFDV,DeFi Development Corp. - Common Stock,NASDAQ
DFLI,Dragonfly Energy Holdings Corp - Common Stock,NASDAQ
DFNS,T3 Defense Inc. - Common Stock,NASDAQ
DFSC,"DEFSEC Technologies Inc. - common stock, no R/S concurrent with offering",NASDAQ
DFTX,"Definium Therapeutics, Inc.  - Common Shares",NASDAQ
DGICA,"Donegal Group, Inc. - Class A Common Stock",NASDAQ
DGICB,"Donegal Group, Inc. - Class B Common Stock",NASDAQ
DGII,Digi International Inc. - Common Stock,NASDAQ
DGNX,Diginex Limited - Ordinary Shares,NASDAQ
DGXX,Digi Power X Inc. - Common Subordinate Voting Shares,NASDAQ
DH,Definitive Healthcare Corp. - Class A Common Stock,NASDAQ
DIBS,"1stdibs.com, Inc. - Common Stock",NASDAQ
DIOD,Diodes Incorporated - Common Stock,NASDAQ
DJCO,Daily Journal Corp. (S.C.) - Common Stock,NASDAQ
DJT,Trump Media & Technology Group Corp. - Common Stock,NASDAQ
DKI,DarkIris Inc. - Class A Ordinary Shares,NASDAQ
DKNG,DraftKings Inc. - Class A Common Stock,NASDAQ
DLHC,DLH Holdings Corp. - Common Stock,NASDAQ
DLO,DLocal Limited - Class A Common Shares,NASDAQ
DLPN,"Dolphin Entertainment, Inc. - Common Stock",NASDAQ
DLTH,Duluth Holdings Inc. - Class B Common Stock,NASDAQ
DLTR,"Dollar Tree, Inc. - Common Stock",NASDAQ
DLXY,Delixy Holdings Limited - Class A Ordinary Shares,NASDAQ
DMAC,DiaMedica Therapeutics Inc. - Common Stock,NASDAQ
DMRA,"Damora Therapeutics, Inc. - Ordinary Shares",NASDAQ
DMRC,Digimarc Corporation - Common Stock,NASDAQ
DNLI,Denali Therapeutics Inc. - Common Stock,NASDAQ
DNMX,Dynamix Corporation III - Class A Ordinary Shares,NASDAQ
DNTH,"Dianthus Therapeutics, Inc. - Common Stock",NASDAQ
DNUT,"Krispy Kreme, Inc. - Common Stock",NASDAQ
DOCU,"DocuSign, Inc. - Common Stock",NASDAQ
DOGZ,Dogness (International) Corporation - Class A Common Stock,NASDAQ
DOMH,Dominari Holdings Inc. - Common Stock,NASDAQ
DOMO,"Domo, Inc. - Class B Common Stock",NASDAQ
DOO,BRP Inc. - Common Subordinate Voting Shares,NASDAQ
DORM,"Dorman Products, Inc. - Common Stock",NASDAQ
DOX,Amdocs Limited - Ordinary Shares,NASDAQ
DPRO,Draganfly Inc. - Common Shares,NASDAQ
DPU,Top KingWin Ltd - Class A Ordinary Shares,NASDAQ
DPZ,Domino's Pizza Inc - Common Stock,NASDAQ
DRCT,"Direct Digital Holdings, Inc. - Class A Common Stock",NASDAQ
DRH,Diamondrock Hospitality Company - Common Stock,NASDAQ
DRIO,DarioHealth Corp. - Common Stock,NASDAQ
DRMA,"Dermata Therapeutics, Inc. - Common Stock",NASDAQ
DRS,"Leonardo DRS, Inc. - Common Stock",NASDAQ
DRTS,Alpha Tau Medical Ltd. - Ordinary Shares,NASDAQ
DRVN,Driven Brands Holdings Inc. - Common Stock,NASDAQ
DSGN,"Design Therapeutics, Inc. - Common Stock",NASDAQ
DSGR,"Distribution Solutions Group, Inc. - Common Stock",NASDAQ
DSGX,The Descartes Systems Group Inc. - Common Stock,NASDAQ
DSP,Viant Technology Inc. - common stock,NASDAQ
DSWL,"Deswell Industries, Inc. - Common Shares",NASDAQ
DSY,Big Tree Cloud Holdings Limited - Class A Ordinary Shares,NASDAQ
DTCX,"Datacentrex, Inc. - Common Stock",NASDAQ
DTI,Drilling Tools International Corporation  - Common Stock,NASDAQ
DTIL,"Precision BioSciences, Inc. - Common Stock",NASDAQ
DTSS,Datasea Intelligent Technology Ltd. - Class A Ordinary Shares,NASDAQ
DTST,Data Storage Corporation - Common Stock,NASDAQ
DUKR,DUKE Robotics Corp. - Common Stock,NASDAQ
DUO,Fangdd Network Group Ltd. - Class A Ordinary Shares,NASDAQ
DUOL,"Duolingo, Inc. - Class A Common Stock",NASDAQ
DUOT,"Duos Technologies Group, Inc. - Common Stock",NASDAQ
DVLT,Datavault AI Inc. - Common Stock,NASDAQ
DWSN,Dawson Geophysical Company - Common Stock,NASDAQ
DWTX,"Dogwood Therapeutics, Inc.  - Common Stock",NASDAQ
DXCM,"DexCom, Inc. - Common Stock",NASDAQ
DXLG,"Destination XL Group, Inc. - Common Stock",NASDAQ
DXPE,"DXP Enterprises, Inc. - Common Stock",NASDAQ
DXST,Decent Holding Inc. - Class A Ordinary Shares,NASDAQ
DYAI,"Dyadic International, Inc. - Common Stock",NASDAQ
DYN,"Dyne Therapeutics, Inc. - Common Stock",NASDAQ
DYNC,Dynamix Corporation - Class A Ordinary Share,NASDAQ
DYOR,Insight Digital Partners II - Class A Ordinary Shares,NASDAQ
EA,Electronic Arts Inc. - Common Stock,NASDAQ
EBAY,eBay Inc. - Common Stock,NASDAQ
EBC,"Eastern Bankshares, Inc. - Common Stock",NASDAQ
EBMT,"Eagle Bancorp Montana, Inc. - Common Stock",NASDAQ
EBON,Ebang International Holdings Inc. - Class A Ordinary Shares,NASDAQ
ECBK,"ECB Bancorp, Inc. - Common Stock",NASDAQ
ECHO,EchoStar Corporation - Common stock,NASDAQ
ECOR,"electroCore, Inc. - Common Stock",NASDAQ
ECPG,Encore Capital Group Inc - Common Stock,NASDAQ
ECX,ECARX Holdings Inc. - Class A Ordinary shares,NASDAQ
EDBL,Edible Garden AG Incorporated - Common Stock,NASDAQ
EDIT,"Editas Medicine, Inc. - Common Stock",NASDAQ
EDRY,EuroDry Ltd. - Common Shares,NASDAQ
EDSA,"Edesa Biotech, Inc. - Common Shares",NASDAQ
EDTK,Skillful Craftsman Education Technology Limited - Ordinary Share,NASDAQ
EDUC,Educational Development Corporation - Common Stock,NASDAQ
EEFT,"Euronet Worldwide, Inc. - Common Stock",NASDAQ
EEIQ,EpicQuest Education Group International Limited - Common Stock,NASDAQ
EFOI,"Energy Focus, Inc. - Common Stock",NASDAQ
EFSC,Enterprise Financial Services Corporation - Common Stock,NASDAQ
EFSI,Eagle Financial Services Inc - Common Stock,NASDAQ
EFTY,"Etoiles Capital Group Co., Ltd. - Class A Ordinary Shares",NASDAQ
EGAN,eGain Corporation - Common Stock,NASDAQ
EGBN,"Eagle Bancorp, Inc. - Common Stock",NASDAQ
EGHT,8x8 Inc - Common stock,NASDAQ
EH,EHang Holdings Limited - ADS,NASDAQ
EHGO,Eshallgo Inc. - Class A Ordinary Shares,NASDAQ
EHLD,Euroholdings Ltd. - Common Stock,NASDAQ
EHTH,"eHealth, Inc. - Common Stock",NASDAQ
EIKN,"Eikon Therapeutics, Inc. - Common Stock",NASDAQ
EJH,E-Home Household Service Holdings Limited - Ordinary shares,NASDAQ
ELAB,PMGC Holdings Inc. - Common Stock,NASDAQ
ELBM,Electra Battery Materials Corporation - Common Stock,NASDAQ
ELDN,"Eledon Pharmaceuticals, Inc. - Common Stock",NASDAQ
ELE,Elemental Royalty Corporation - Common Stock,NASDAQ
ELMT,The Elmet Group Co. - Common Stock,NASDAQ
ELOG,Eastern International Ltd. - Ordinary Shares,NASDAQ
ELOX,"Eloxx Pharmaceuticals, Inc. - Common Stock",NASDAQ
ELPW,Elong Power Holding Limited - Class A Ordinary Shares,NASDAQ
ELSE,"Electro-Sensors, Inc. - Common Stock",NASDAQ
ELTK,Eltek Ltd. - Ordinary Shares,NASDAQ
ELTX,"Elicio Therapeutics, Inc. - Common Stock",NASDAQ
ELUT,"Elutia, Inc. - Class A Common Stock",NASDAQ
ELVA,Electrovaya Inc. - Common Shares,NASDAQ
ELVN,"Enliven Therapeutics, Inc.  - Common Stock",NASDAQ
ELVR,Elevra Lithium Limited - American Depository Shares,NASDAQ
ELWT,"Elauwit Connection, Inc. - Common Stock",NASDAQ
EMAT,Evolution Metals & Technologies Corp. - Common Stock,NASDAQ
EMBC,Embecta Corp. - Common Stock,NASDAQ
EML,Eastern Company (The) - Common Stock,NASDAQ
EMPD,Empery Digital Inc. - Common stock,NASDAQ
ENGN,enGene Therapeutics Inc. - Common Stock,NASDAQ
ENGS,Energys Group Limited - Ordinary Shares,NASDAQ
ENLT,Enlight Renewable Energy Ltd. - Ordinary Shares,NASDAQ
ENLV,Enlivex Ltd. - Ordinary Shares,NASDAQ
ENPH,"Enphase Energy, Inc. - Common Stock",NASDAQ
ENSC,"Ensysce Biosciences, Inc. - Common Stock",NASDAQ
ENSG,"The Ensign Group, Inc. - Common Stock",NASDAQ
ENTA,"Enanta Pharmaceuticals, Inc. - Common Stock",NASDAQ
ENTG,"Entegris, Inc. - Common Stock",NASDAQ
ENTX,Entera Bio Ltd. - Ordinary Shares,NASDAQ
ENVB,"Enveric Biosciences, Inc.  - Common Stock",NASDAQ
ENVX,Enovix Corporation - Common Stock,NASDAQ
EOLS,"Evolus, Inc. - Common Stock",NASDAQ
EOSE,"Eos Energy Enterprises, Inc. - Common Stock",NASDAQ
EPOW,E-Power Inc. - Class A Ordinary Shares,NASDAQ
EPRX,Eupraxia Pharmaceuticals Inc. - Common Stock,NASDAQ
EPSM,Epsium Enterprise Limited - Class A Ordinary Shares,NASDAQ
EPSN,Epsilon Energy Ltd. - Common Shares,NASDAQ
EQ,"Equillium, Inc. - Common Stock",NASDAQ
EQIX,"Equinix, Inc. - Common Stock",NASDAQ
EQPT,EquipmentShare.com Inc - Class A Common Stock,NASDAQ
ERAS,"Erasca, Inc. - Common Stock",NASDAQ
ERIE,Erie Indemnity Company - Class A Common Stock,NASDAQ
ERII,"Energy Recovery, Inc. - Common Stock",NASDAQ
ERNA,Ernexa Therapeutics Inc. - Common Stock,NASDAQ
ESCA,"Escalade, Incorporated - Common Stock",NASDAQ
ESEA,Euroseas Ltd. - Common Stock,NASDAQ
ESLA,"Estrella Immunopharma, Inc. - Common Stock",NASDAQ
ESLT,Elbit Systems Ltd. - Ordinary Shares,NASDAQ
ESOA,Energy Services of America Corporation - Common Stock,NASDAQ
ESQ,"Esquire Financial Holdings, Inc. - Common Stock",NASDAQ
ESTA,Establishment Labs Holdings Inc. - Common Shares,NASDAQ
ETON,"Eton Pharmaceuticals, Inc. - Common Stock",NASDAQ
ETOR,eToro Group Ltd. - Class A Common Shares,NASDAQ
ETS,Elite Express Holding Inc. - Class A Common Stock,NASDAQ
EU,enCore Energy Corp. - Common Stock,NASDAQ
EUDA,Euda Health Holdings Limited - Ordinary Shares,NASDAQ
EVCM,EverCommerce Inc. - Common Stock,NASDAQ
EVER,"EverQuote, Inc. - Class A Common Stock",NASDAQ
EVGN,Evogene Ltd. - Ordinary Shares,NASDAQ
EVGO,EVgo Inc. - Common Stock,NASDAQ
EVLV,"Evolv Technologies Holdings, Inc. - Class A Common Stock",NASDAQ
EVRG,"Evergy, Inc. - Common Stock",NASDAQ
EWBC,"East West Bancorp, Inc. - Common Stock",NASDAQ
EWTX,"Edgewise Therapeutics, Inc. - Common Stock",NASDAQ
EXC,Exelon Corporation - Common Stock,NASDAQ
EXE,Expand Energy Corporation - Common Stock,NASDAQ
EXEL,"Exelixis, Inc. - Common Stock",NASDAQ
EXFY,"Expensify, Inc. - Class A Common Stock",NASDAQ
EXLS,"ExlService Holdings, Inc. - Common Stock",NASDAQ
EXOZ,eXoZymes Inc. - Common Stock,NASDAQ
EXPE,"Expedia Group, Inc. - Common Stock",NASDAQ
EXPO,"Exponent, Inc. - Common Stock",NASDAQ
EXTR,"Extreme Networks, Inc. - Common Stock",NASDAQ
EXYN,"Exyn Technologies, Inc. - Common Stock",NASDAQ
EYE,"National Vision Holdings, Inc. - Common Stock",NASDAQ
EYPT,"EyePoint, Inc. - Common Stock",NASDAQ
EZGO,EZGO Technologies Ltd. - Ordinary Shares,NASDAQ
EZPW,"EZCORP, Inc. - Class A Non-Voting Common Stock",NASDAQ
EZRA,"Reliance Global Group, Inc. - Common Stock",NASDAQ
FA,First Advantage Corporation - Common Stock,NASDAQ
FABC,"Fabric.AI, Inc. - Common Stock",NASDAQ
FAC,Factorial Energy Inc. - Class A Common Stock,NASDAQ
FAMI,"Farmmi, Inc. - Class A Ordinary Shares",NASDAQ
FANG,"Diamondback Energy, Inc. - Common Stock",NASDAQ
FAST,Fastenal Company - Common Stock,NASDAQ
FATE,"Fate Therapeutics, Inc. - Common Stock",NASDAQ
FATN,"FatPipe, Inc. - common stock",NASDAQ
FBGL,FBS Global Limited - Ordinary Shares,NASDAQ
FBIO,"Fortress Biotech, Inc. - Common Stock",NASDAQ
FBIZ,"First Business Financial Services, Inc. - Common Stock",NASDAQ
FBLA,"FB Bancorp, Inc. - Common Stock",NASDAQ
FBLG,"FibroBiologics, Inc. - Common Stock",NASDAQ
FBNC,First Bancorp - Common Stock,NASDAQ
FBRX,"Forte Biosciences, Inc.  - Common Stock",NASDAQ
FBYD,"Falcon's Beyond Global, Inc. - Class A Common Stock",NASDAQ
FCAP,"First Capital, Inc. - Common Stock",NASDAQ
FCEL,"FuelCell Energy, Inc. - Common Stock",NASDAQ
FCFS,"FirstCash Holdings, Inc. - Common Stock",NASDAQ
FCHL,Fitness Champs Holdings Limited - Ordinary Shares,NASDAQ
FCNCA,"First Citizens BancShares, Inc. - Class A Common Stock",NASDAQ
FCUV,Focus Universal Inc. - Common Stock,NASDAQ
FDBC,"Fidelity D & D Bancorp, Inc. - Common Stock",NASDAQ
FDMT,"4D Molecular Therapeutics, Inc. - Common Stock",NASDAQ
FDSB,"Fifth District Bancorp, Inc. - Common Stock",NASDAQ
FEAM,"5E Advanced Materials, Inc. - Common Stock",NASDAQ
FEBO,Fenbo Holdings Limited - Class A Ordinary Shares,NASDAQ
FEED,"ENvue Medical, Inc. - Common Stock",NASDAQ
FEIM,"Frequency Electronics, Inc. - Common Stock",NASDAQ
FELE,"Franklin Electric Co., Inc. - Common Stock",NASDAQ
FEMY,Femasys Inc. - Common Stock,NASDAQ
FENC,Fennec Pharmaceuticals Inc. - Common Stock,NASDAQ
FER,Ferrovial N.V. - Ordinary Shares,NASDAQ
FFAI,Faraday Future Intelligent Electric Inc. - Class A Common Stock,NASDAQ
FFBC,First Financial Bancorp. - Common Stock,NASDAQ
FFIN,"First Financial Bankshares, Inc. - Common Stock",NASDAQ
FFIV,"F5, Inc. - Common Stock",NASDAQ
FGBI,"First Guaranty Bancshares, Inc. - Common Stock",NASDAQ
FGI,FGI Industries Ltd. - Ordinary Shares,NASDAQ
FGL,Founder Group Limited - Class A Ordinary Shares,NASDAQ
FGNX,FG Nexus Inc. - Common Stock,NASDAQ
FHB,"First Hawaiian, Inc. - Common Stock",NASDAQ
FHTX,Foghorn Therapeutics Inc. - Common Stock,NASDAQ
FIBK,"First Interstate BancSystem, Inc. - Common Stock",NASDAQ
FIEE,"FiEE, Inc - Common Stock",NASDAQ
FIGR,"Figure Technology Solutions, Inc. - Class A Common Stock",NASDAQ
FINW,FinWise Bancorp - Common Stock,NASDAQ
FIP,FTAI Infrastructure Inc. - Common Stock,NASDAQ
FISI,"Financial Institutions, Inc. - Common Stock",NASDAQ
FISN,"Deep Fission, Inc. - Common Stock",NASDAQ
FISV,"Fiserv, Inc. - Common Stock",NASDAQ
FIVE,"Five Below, Inc. - Common Stock",NASDAQ
FIVN,"Five9, Inc. - Common Stock",NASDAQ
FIZZ,National Beverage Corp. - Common Stock,NASDAQ
FKWL,Franklin Wireless Corp. - common stock,NASDAQ
FLD,"Fold Holdings, Inc. - Class A Common Stock",NASDAQ
FLEX,Flex Ltd. - Ordinary Shares,NASDAQ
FLGT,"Fulgent Genetics, Inc. - Common Stock",NASDAQ
FLL,"Full House Resorts, Inc. - Common Stock",NASDAQ
FLNA,"Filana Therapeutics, Inc. - Common Stock",NASDAQ
FLNC,"Fluence Energy, Inc. - Class A Common Stock",NASDAQ
FLNT,"Fluent, Inc. - Common Stock",NASDAQ
FLUX,"Flux Power Holdings, Inc. - Common Stock",NASDAQ
FLWS,"1-800-FLOWERS.COM, Inc. - Class A Common Stock",NASDAQ
FLXS,"Flexsteel Industries, Inc. - Common Stock",NASDAQ
FLY,Firefly Aerospace Inc. - Common Stock,NASDAQ
FLYE,"Fly-E Group, Inc. - Common Stock",NASDAQ
FLYW,Flywire Corporation - Voting Common Stock,NASDAQ
FLZH,"Flash Sports & Media Holdings, Inc. - Common Stock",NASDAQ
FMAO,"Farmers & Merchants Bancorp, Inc. - Common Stock",NASDAQ
FMBH,"First Mid Bancshares, Inc. - Common Stock",NASDAQ
FMFC,Kandal M Venture Limited - Class A ordinary Shares,NASDAQ
FMNB,Farmers National Banc Corp. - Common Stock,NASDAQ
FMST,Foremost Clean Energy Ltd. - Common Shares,NASDAQ
FNGR,"FingerMotion, Inc. - common stock",NASDAQ
FNKO,"Funko, Inc. - Class A Common Stock",NASDAQ
FNLC,"First Bancorp, Inc (ME) - Common Stock",NASDAQ
FNWB,First Northwest Bancorp - Common Stock,NASDAQ
FNWD,Finward Bancorp - common stock,NASDAQ
FOFO,"Hang Feng Technology Innovation Co., Ltd. - Ordinary Shares",NASDAQ
FORM,"FormFactor, Inc. - Common Stock",NASDAQ
FORR,"Forrester Research, Inc. - Common Stock",NASDAQ
FOSL,"Fossil Group, Inc. - Common Stock",NASDAQ
FOX,Fox Corporation - Class B Common Stock,NASDAQ
FOXA,Fox Corporation - Class A Common Stock,NASDAQ
FOXF,Fox Factory Holding Corp. - Common Stock,NASDAQ
FOXX,Foxx Development Holdings Inc. - Common Stock,NASDAQ
FRAF,Franklin Financial Services Corporation - Common Stock,NASDAQ
FRBA,First Bank  - Common Stock,NASDAQ
FRD,Friedman Industries Inc. - Common Stock,NASDAQ
FRGT,"Freight Technologies, Inc. - Ordinary Shares",NASDAQ
FRHC,Freedom Holding Corp. - Common Stock,NASDAQ
FRME,First Merchants Corporation - Common Stock,NASDAQ
FRMI,Fermi Inc. - Common Stock,NASDAQ
FRMM,"Forum Markets, Incorporated - Common Stock",NASDAQ
FRNM,"Freenome, Inc. - Common stock",NASDAQ
FROG,JFrog Ltd. - Ordinary shares,NASDAQ
FRPH,"FRP Holdings, Inc. - Common Stock",NASDAQ
FRPT,"Freshpet, Inc. - Common Stock",NASDAQ
FRSH,Freshworks Inc. - Class A Common Stock,NASDAQ
FRST,Primis Financial Corp. - Common Stock,NASDAQ
FRTT,Fort Technology Inc. - Common Shares,NASDAQ
FRVO,Fervo Energy Company - Class A common stock,NASDAQ
FSBC,Five Star Bancorp - Common Stock,NASDAQ
FSBW,"FS Bancorp, Inc. - Common Stock",NASDAQ
FSEA,"First Seacoast Bancorp, Inc. - Common Stock",NASDAQ
FSLR,"First Solar, Inc. - Common Stock",NASDAQ
FSLY,"Fastly, Inc. - Class A Common Stock",NASDAQ
FSTR,L.B. Foster Company - Common Stock,NASDAQ
FSUN,FirstSun Capital Bancorp - Common Stock,NASDAQ
FSV,FirstService Corporation - Common Shares,NASDAQ
FTAI,FTAI Aviation Ltd. - Common Stock,NASDAQ
FTCI,"FTC Solar, Inc. - Common Stock",NASDAQ
FTDR,"Frontdoor, Inc. - Common Stock",NASDAQ
FTEK,"Fuel Tech, Inc. - Common Stock",NASDAQ
FTFT,Future FinTech Group Inc. - Common Stock,NASDAQ
FTH,"Faeth Therapeutics, Inc.  - Common Stock",NASDAQ
FTHM,Fathom Holdings Inc. - Common Stock,NASDAQ
FTLF,"FitLife Brands, Inc. - Common Stock",NASDAQ
FTNT,"Fortinet, Inc. - Common Stock",NASDAQ
FTRE,Fortrea Holdings Inc. - Common Stock,NASDAQ
FTRK,FAST TRACK GROUP - Ordinary shares,NASDAQ
FUFU,BitFuFu Inc. - Class A Ordinary Shares,NASDAQ
FULC,"Fulcrum Therapeutics, Inc. - Common Stock",NASDAQ
FULT,Fulton Financial Corporation - Common Stock,NASDAQ
FUSB,"First US Bancshares, Inc. - Common Stock",NASDAQ
FUSE,Fusemachines Inc. - Common stock,NASDAQ
FVCB,"FVCBankcorp, Inc. - Common Stock",NASDAQ
FWDI,"Forward Industries, Inc. - Common Stock",NASDAQ
FWONA,Liberty Media Corporation - Series A Liberty Formula One Common Stock,NASDAQ
FWONK,Liberty Media Corporation - Series C Liberty Formula One Common Stock,NASDAQ
FWRD,Forward Air Corporation - Common Stock,NASDAQ
FWRG,"First Watch Restaurant Group, Inc. - Common Stock",NASDAQ
FXHO,UTime Limited - Class A Ordinary Shares,NASDAQ
FXNC,First National Corporation - Common Stock,NASDAQ
GABC,"German American Bancorp, Inc. - Common Stock",NASDAQ
GAIA,"Gaia, Inc. - Class A Common Stock",NASDAQ
GAIN,Gladstone Investment Corporation - Business Development Company,NASDAQ
GALT,Galectin Therapeutics Inc. - Common Stock,NASDAQ
GAME,"GameSquare Holdings, Inc. - Common stock",NASDAQ
GANX,"Gain Therapeutics, Inc. - Common Stock",NASDAQ
GASS,"StealthGas, Inc. - common stock",NASDAQ
GBFH,GBank Financial Holdings Inc. - Common Stock,NASDAQ
GBLI,"Global Indemnity Group, LLC - Class A Common Shares",NASDAQ
GCBC,"Greene County Bancorp, Inc. - Common Stock",NASDAQ
GCGR,General Catalyst Global Resilience Merger Corp. - Class A Ordinary Shares,NASDAQ
GCL,GCL Global Holdings Ltd - Ordinary Shares,NASDAQ
GCMG,GCM Grosvenor Inc. - Class A Common Stock,NASDAQ
GCT,GigaCloud Technology Inc - Class A Ordinary Shares,NASDAQ
GCTK,"GlucoTrack, Inc. - Common Stock",NASDAQ
GDC,GD Culture Group Limited - Common Stock,NASDAQ
GDEV,GDEV Inc. - Ordinary Shares,NASDAQ
GDHG,Golden Heaven Group Holdings Ltd.  - Class A Ordinary Shares,NASDAQ
GDRX,"GoodRx Holdings, Inc. - Class A Common Stock",NASDAQ
GDTC,CytoMed Therapeutics Limited - Ordinary Shares,NASDAQ
GDYN,"Grid Dynamics Holdings, Inc. - Class A Common Stock",NASDAQ
GEG,"Great Elm Group, Inc.  - Common Stock",NASDAQ
GEHC,GE HealthCare Technologies Inc. - Common Stock,NASDAQ
GELS,Gelteq Limited - Ordinary Shares,NASDAQ
GEMI,"Gemini Space Station, Inc. - Class A Common Stock",NASDAQ
GEN,Gen Digital Inc. - Common Stock,NASDAQ
GENB,"Generate Biomedicines, Inc. - Common Stock",NASDAQ
GENK,"GEN Restaurant Group, Inc. - Class A Common Stock",NASDAQ
GEOS,Geospace Technologies Corporation - Common Stock,NASDAQ
GERN,Geron Corporation - Common Stock,NASDAQ
GEVO,"Gevo, Inc. - Common Stock",NASDAQ
GFAI,"Guardforce AI Co., Limited - Ordinary Shares",NASDAQ
GFS,GlobalFoundries Inc. - Ordinary Share,NASDAQ
GFUZ,General Fusion Group Ltd. - Common Shares,NASDAQ
GGR,Gogoro Inc. - Ordinary Shares,NASDAQ
GGRP,"The Glimpse Group, Inc. - Common Stock",NASDAQ
GH,"Guardant Health, Inc. - Common Stock",NASDAQ
GHRS,GH Research PLC - Ordinary Shares,NASDAQ
GIBO,GIBO Holdings Limited - Class A Ordinary Shares,NASDAQ
GIFT,"Giftify, Inc. - Common Stock",NASDAQ
GIGM,GigaMedia Limited - Ordinary Shares,NASDAQ
GIII,"G-III Apparel Group, LTD. - Common Stock",NASDAQ
GILD,"Gilead Sciences, Inc. - Common Stock",NASDAQ
GILT,Gilat Satellite Networks Ltd. - Ordinary Shares,NASDAQ
GIPR,Generation Income Properties Inc. - Common stock,NASDAQ
GITS,"Global Interactive Technologies, Inc. Common Stock - Common Stock",NASDAQ
GIW,GigCapital8 Corp. - Class A Ordinary Shares,NASDAQ
GIX,GigCapital9 Corp. - Class A Ordinary Share,NASDAQ
GLBE,Global-E Online Ltd. - ordinary shares,NASDAQ
GLBS,Globus Maritime Limited - Common Stock,NASDAQ
GLE,Global Engine Group Holding Limited - Class A Ordinary Shares,NASDAQ
GLIBA,Liberty Capital Corporation - Series A GCI Group Common Stock,NASDAQ
GLIBK,Liberty Capital Corporation - Series C GCI Group Common Stock,NASDAQ
GLMD,Galmed Pharmaceuticals Ltd. - Ordinary Shares,NASDAQ
GLND,Greenland Energy Company - Common Stock,NASDAQ
GLNG,Golar LNG Limited - Common Shares,NASDAQ
GLOO,"Gloo Holdings, Inc. - Common Stock",NASDAQ
GLPI,"Gaming and Leisure Properties, Inc. - Common Stock",NASDAQ
GLRE,"Greenlight Reinsurance, Ltd. - Class A Ordinary Shares",NASDAQ
GLSI,"Greenwich LifeSciences, Inc. - Common stock",NASDAQ
GLUE,"Monte Rosa Therapeutics, Inc. - Common Stock",NASDAQ
GLXG,Galaxy Payroll Group Limited - Class A Ordinary Shares,NASDAQ
GLXY,Galaxy Digital Inc. - Class A common stock,NASDAQ
GMEX,GMEX ROBOTICS CORPORATION - Class A Ordinary Shares,NASDAQ
GMHS,Gamehaus Holdings Inc. - Class A Ordinary Shares,NASDAQ
GMM,Global Mofy AI Limited  - Class A Ordinary Shares,NASDAQ
GNLN,"Greenlane Holdings, Inc. - Class A Common Stock",NASDAQ
GNLX,Genelux Corporation - Common Stock,NASDAQ
GNPX,"Genprex, Inc. - Common Stock",NASDAQ
GNSS,Genasys Inc. - Common Stock,NASDAQ
GNTX,Gentex Corporation - Common Stock,NASDAQ
GO,Grocery Outlet Holding Corp. - Common Stock,NASDAQ
GOAI,Eva Live Inc. - Common Stock,NASDAQ
GOGO,Gogo Inc. - Common Stock,NASDAQ
GOOD,Gladstone Commercial Corporation - Real Estate Investment Trust,NASDAQ
GOOG,Alphabet Inc. - Class C Capital Stock,NASDAQ
GOOGL,Alphabet Inc. - Class A Common Stock,NASDAQ
GOSS,"Gossamer Bio, Inc. - Common Stock",NASDAQ
GOVX,"GeoVax Labs, Inc. - Common Stock",NASDAQ
GP,GreenPower Motor Company Inc. - Common Shares,NASDAQ
GPRE,"Green Plains, Inc. - Common Stock",NASDAQ
GPRO,"GoPro, Inc. - Class A Common Stock",NASDAQ
GRAB,Grab Holdings Limited - Class A Ordinary Shares,NASDAQ
GRAL,"GRAIL, Inc. - Common Stock",NASDAQ
GRAN,Grande Group Limited - Class A Ordinary Shares,NASDAQ
GRCE,"Grace Therapeutics, Inc. - Common Stock",NASDAQ
GRDX,GridAI Technologies Corp.  - Common Stock,NASDAQ
GRI,"GRI Bio, Inc. - Common Stock",NASDAQ
GRML,Greenland Mines Ltd - Common Stock,NASDAQ
GRNQ,Greenpro Capital Corp. - Common Stock,NASDAQ
GROW,"U.S. Global Investors, Inc. - Class A Common Stock",NASDAQ
GRPN,"Groupon, Inc. - Common Stock",NASDAQ
GRRR,Gorilla Technology Group Inc. - Ordinary shares,NASDAQ
GRSD,Grandstand Limited - Ordinary Shares,NASDAQ
GRWG,GrowGeneration Corp. - Common Stock,NASDAQ
GSAT,"Globalstar, Inc. - Common Stock",NASDAQ
GSBC,"Great Southern Bancorp, Inc. - Common Stock",NASDAQ
GSHD,"Goosehead Insurance, Inc. - Class A Common Stock",NASDAQ
GSIT,"GSI Technology, Inc. - Common Stock",NASDAQ
GSIW,Garden Stage Limited - Class A Ordinary Shares,NASDAQ
GSM,Ferroglobe PLC - Ordinary Shares,NASDAQ
GSUN,Golden Sun Technology Group Limited - Class A Ordinary Shares,NASDAQ
GT,The Goodyear Tire & Rubber Company - Common Stock,NASDAQ
GTBP,"GT Biopharma, Inc. - Common Stock",NASDAQ
GTEC,Greenland Technologies Holding Corporation - Class A Ordinary Shares,NASDAQ
GTEN,"Gores Holdings X, Inc. - Class A ordinary shares",NASDAQ
GTIM,Good Times Restaurants Inc. - Common Stock,NASDAQ
GTLB,GitLab Inc. - Class A Common Stock,NASDAQ
GTM,ZoomInfo Technologies Inc. - Common Stock,NASDAQ
GTX,Garrett Motion Inc. - Common Stock,NASDAQ
GUTS,"Fractyl Health, Inc. - Common Stock",NASDAQ
GVH,Globavend Holdings Limited - Ord Shares,NASDAQ
GWAV,"Greenwave Technology Solutions, Inc. - Common Stock",NASDAQ
GWRS,"Global Water Resources, Inc. - common stock",NASDAQ
GXAI,Gaxos.ai Inc. - Common Stock,NASDAQ
GYGY,"Game Your Game, Inc. - Common Stock",NASDAQ
GYRE,"Gyre Therapeutics, Inc. - Common Stock",NASDAQ
GYRO,"Gyrodyne , LLC - Common Stock",NASDAQ
HAFC,Hanmi Financial Corporation - Common Stock,NASDAQ
HAIN,"The Hain Celestial Group, Inc. - Common Stock",NASDAQ
HALO,"Halozyme Therapeutics, Inc. - Common Stock",NASDAQ
HAO,Haoxi Health Technology Limited - Class A Ord Share,NASDAQ
HAPN,"Happen, Inc. - Common Stock",NASDAQ
HAS,"Hasbro, Inc. - Common Stock",NASDAQ
HBAN,Huntington Bancshares Incorporated - Common Stock,NASDAQ
HBCP,"Home Bancorp, Inc. - Common Stock",NASDAQ
HBIO,"Harvard Bioscience, Inc. - Common Stock",NASDAQ
HBNB,Hotel101 Global Holdings Corp. - Class A Ordinary Shares,NASDAQ
HBNC,"Horizon Bancorp, Inc. - Common Stock",NASDAQ
HBT,"HBT Financial, Inc. - Common Stock",NASDAQ
HCAI,"Huachen AI Parking Management Technology Holding Co., Ltd. - Class A Ordinary Shares",NASDAQ
HCAT,"Health Catalyst, Inc - Common stock",NASDAQ
HCHL,Happy City Holdings Limited - Class A Ordinary shares,NASDAQ
HCIC,Hennessy Capital Investment Corp. VIII - Class A Ordinary Shares,NASDAQ
HCKT,"The Hackett Group, Inc. - Common Stock",NASDAQ
HCSG,"Healthcare Services Group, Inc. - Common Stock",NASDAQ
HCTI,"Healthcare Triangle, Inc. - Common Stock",NASDAQ
HCWB,HCW Biologics Inc. - Common Stock,NASDAQ
HDRN,"Hadron Energy, Inc. - Common Stock",NASDAQ
HDSN,"Hudson Technologies, Inc. - Common Stock",NASDAQ
HELE,Helen of Troy Limited - Common Stock,NASDAQ
HELP,Cybin Inc. - Common Stock,NASDAQ
HFBL,"Home Federal Bancorp, Inc. of Louisiana - Common Stock",NASDAQ
HFFG,HF Foods Group Inc. - Common Stock,NASDAQ
HFWA,Heritage Financial Corporation - Common Stock,NASDAQ
HGBL,Heritage Global Inc. - Common Stock,NASDAQ
HHS,"Harte Hanks, Inc. - Common Stock",NASDAQ
HIFS,Hingham Institution for Savings - Common Stock,NASDAQ
HIHO,Highway Holdings Limited - Common Stock,NASDAQ
HIND,"Vyome Holdings, Inc. - Common Stock",NASDAQ
HIT,"Health In Tech, Inc. - Class A Common Stock",NASDAQ
HITI,High Tide Inc. - Common Shares,NASDAQ
HIVE,HIVE Digital Technologies Ltd - Common Shares,NASDAQ
HKIT,Hitek Global Inc. - Class A Ordinary Share,NASDAQ
HKPD,"Cellyan Biotechnology Co., Ltd  - Class A Ordinary Shares",NASDAQ
HLIT,Harmonic Inc. - Common Stock,NASDAQ
HLMN,Hillman Solutions Corp. - Common Stock,NASDAQ
HLNE,Hamilton Lane Incorporated - Class A Common Stock,NASDAQ
HLP,Hongli Group Inc. - Class A Ordinary Shares,NASDAQ
HMH,HMH Holding Inc. - Common Stock,NASDAQ
HMR,Heidmar Maritime Holdings Corp. - Common Stock,NASDAQ
HNNA,"Hennessy Advisors, Inc. - Common Stock",NASDAQ
HNRG,Hallador Energy Company - Common Stock,NASDAQ
HNST,"The Honest Company, Inc. - Common Stock",NASDAQ
HNVR,"Hanover Bancorp, Inc. - Common Stock",NASDAQ
HODO,House of Doge Inc. - Common Stock,NASDAQ
HOFT,Hooker Furnishings Corporation - Common Stock,NASDAQ
HOLO,MicroCloud Hologram Inc. - Ordinary Shares,NASDAQ
HON,Honeywell International Inc. - Common Stock,NASDAQ
HONA,Honeywell Aerospace Inc. - Common Stock,NASDAQ
HOOD,"Robinhood Markets, Inc. - Class A Common Stock",NASDAQ
HOPE,"Hope Bancorp, Inc. - Common Stock",NASDAQ
HOUR,"Hour Loop, Inc. - common stock",NASDAQ
HOVR,New Horizon Aircraft Ltd. - Class A Ordinary Shares,NASDAQ
HOWL,"Werewolf Therapeutics, Inc. - Common Stock",NASDAQ
HPAI,Helport AI Limited - Ordinary Shares,NASDAQ
HPK,"HighPeak Energy, Inc. - Common Stock",NASDAQ
HQ,Horizon Quantum Holdings Ltd. - Class A Ordinary Shares,NASDAQ
HQI,"HireQuest, Inc. - Common Stock",NASDAQ
HQY,"HealthEquity, Inc. - Common Stock",NASDAQ
HRMY,"Harmony Biosciences Holdings, Inc. - Common Stock",NASDAQ
HROW,"Harrow, Inc. - Common Stock",NASDAQ
HRTX,"Heron Therapeutics, Inc.   - Common Stock",NASDAQ
HRZN,Horizon Technology Finance Corporation - Common Stock,NASDAQ
HSCS,HeartSciences Inc. - Common Stock,NASDAQ
HSDT,Solana Company - Class A Common Stock,NASDAQ
HSIC,"Henry Schein, Inc. - Common Stock",NASDAQ
HST,"Host Hotels & Resorts, Inc. - Common Stock",NASDAQ
HSTM,"HealthStream, Inc. - Common Stock",NASDAQ
HTCO,High-Trend International Group - Class A Ordinary Shares,NASDAQ
HTCR,"Heartcore Enterprises, Inc. - Common Stock",NASDAQ
HTFL,"Heartflow, Inc. - Common Stock",NASDAQ
HTLD,"Heartland Express, Inc. - Common Stock",NASDAQ
HTLM,HomesToLife Ltd - Ordinary Shares,NASDAQ
HTO,H2O America  - Common Stock,NASDAQ
HTOO,Fusion Fuel Green PLC - Ordinary Shares,NASDAQ
HTZ,"Hertz Global Holdings, Inc - Common Stock",NASDAQ
HUBC,Hub Cyber Security Ltd. - Ordinary Shares,NASDAQ
HUDI,"Huadi International Group Co., Ltd. - Ordinary Shares",NASDAQ
HUHU,HUHUTECH International Group Inc. - Ordinary Shares,NASDAQ
HUMA,"Humacyte, Inc. - Common Stock",NASDAQ
HURA,"TuHURA Biosciences, Inc. - Common Stock",NASDAQ
HURC,"Hurco Companies, Inc. - Common Stock",NASDAQ
HURN,Huron Consulting Group Inc. - Common Stock,NASDAQ
HUT,Hut 8 Corp. - Common Stock,NASDAQ
HVII,Hennessy Capital Investment Corp. VII - Ordinary Shares,NASDAQ
HVMC,Highview Merger Corp. - Class A Ordinary Share,NASDAQ
HWBK,"Hawthorn Bancshares, Inc. - Common Stock",NASDAQ
HWC,Hancock Whitney Corporation - Common Stock,NASDAQ
HWH,HWH International Inc. - Common Stock,NASDAQ
HWKN,"Hawkins, Inc. - Common Stock",NASDAQ
HXHX,Haoxin Holdings Limited - Class A Ordinary Shares,NASDAQ
HYFM,"Hydrofarm Holdings Group, Inc. - Common Stock",NASDAQ
HYFT,MindWalk Holdings Corp. - Common Stock,NASDAQ
HYMC,Hycroft Mining Holding Corporation - Class A Common Stock,NASDAQ
HYNE,"Hoyne Bancorp, Inc. - Common Stock",NASDAQ
HYPD,"Hyperion DeFi, Inc. - Common Stock",NASDAQ
HYPR,"Hyperfine, Inc.  - Class A Common Stock",NASDAQ
IART,Integra LifeSciences Holdings Corporation - Common Stock,NASDAQ
IBCP,Independent Bank Corporation - Common Stock,NASDAQ
IBEX,IBEX Limited - Common Share,NASDAQ
IBIO,"iBio, Inc. - Common Stock",NASDAQ
IBKR,"Interactive Brokers Group, Inc. - Class A Common Stock",NASDAQ
IBOC,International Bancshares Corporation - Common Stock,NASDAQ
ICCC,ImmuCell Corporation - Common Stock,NASDAQ
ICCM,IceCure Medical Ltd. - Ordinary Shares,NASDAQ
ICFI,"ICF International, Inc. - Common Stock",NASDAQ
ICHR,Ichor Holdings - Ordinary Shares,NASDAQ
ICLR,ICON plc - Ordinary Shares,NASDAQ
ICMB,"Investcorp Credit Management BDC, Inc. - Common Stock",NASDAQ
ICON,Icon Energy Corp. - Common stock,NASDAQ
ICU,SeaStar Medical Holding Corporation - Common Stock,NASDAQ
ICUI,"ICU Medical, Inc. - Common Stock",NASDAQ
IDAI,T Stamp Inc. - Class A Common Stock,NASDAQ
IDCC,"InterDigital, Inc. - Common Stock",NASDAQ
IDN,"Intellicheck, Inc. - Common Stock",NASDAQ
IDXX,"IDEXX Laboratories, Inc. - Common Stock",NASDAQ
IDYA,"IDEAYA Biosciences, Inc. - Common Stock",NASDAQ
IESC,"IES Holdings, Inc. - Common Stock",NASDAQ
IFBD,"Infobird Co., Ltd - Ordinary Shares",NASDAQ
IFRX,InflaRx N.V. - Common Stock,NASDAQ
IGIC,International General Insurance Holdings Ltd. - Ordinary Shares,NASDAQ
IHRT,"iHeartMedia, Inc. - Class A Common Stock",NASDAQ
III,"Information Services Group, Inc. - Common Stock",NASDAQ
IIIV,"i3 Verticals, Inc. - Common Stock",NASDAQ
IKT,"Inhibikase Therapeutics, Inc. - Common Stock",NASDAQ
ILAG,Intelligent Living Application Group Inc. - Ordinary Shares,NASDAQ
ILLR,Triller Group Inc. - Common Stock,NASDAQ
ILMN,"Illumina, Inc. - Common Stock",NASDAQ
IMA,"ImageneBio, Inc. - Common Stock",NASDAQ
IMCC,IM Cannabis Corp. - Common Shares,NASDAQ
IMDX,Insight Molecular Diagnostics Inc. - Common Stock,NASDAQ
IMKTA,"Ingles Markets, Incorporated - Class A Common Stock",NASDAQ
IMMR,Immersion Corporation - Common Stock,NASDAQ
IMMX,"Immix Biopharma, Inc. - Common Stock",NASDAQ
IMNM,"Immunome, Inc. - Common Stock",NASDAQ
IMNN,"Imunon, Inc. - Common Stock",NASDAQ
IMPP,Imperial Petroleum Inc. - Common Shares,NASDAQ
IMRX,Immuneering Corporation - Class A Common Stock,NASDAQ
IMSR,Terrestrial Energy Inc. - Common Stock,NASDAQ
IMTE,Integrated Media Technology Limited - Ordinary Shares,NASDAQ
IMTX,Immatics N.V. - Ordinary Shares,NASDAQ
IMUX,"Immunic, Inc.  - Common Stock",NASDAQ
IMVT,"Immunovant, Inc.  - Common Stock",NASDAQ
IMXI,"International Money Express, Inc. - Common Stock",NASDAQ
INAB,"IN8bio, Inc. - Common Stock",NASDAQ
INBK,First Internet Bancorp - Common Stock,NASDAQ
INBS,Intelligent Bio Solutions Inc.  - Common Stock,NASDAQ
INBX,"Inhibrx Biosciences, Inc. - Common Stock",NASDAQ
INCR,Intercure Ltd. - ordinary shares,NASDAQ
INCY,Incyte Corporation - Common Stock,NASDAQ
INDB,Independent Bank Corp. - Common Stock,NASDAQ
INDI,"indie Semiconductor, Inc. - Class A Common Stock",NASDAQ
INDP,"Indaptus Therapeutics, Inc. - Common Stock",NASDAQ
INDV,"Indivior Pharmaceuticals, Inc.  - Common Stock",NASDAQ
INEO,INNEOVA Holdings Limited - Class A Ordinary Shares,NASDAQ
INGN,"Inogen, Inc - Common Stock",NASDAQ
INHD,Inno Holdings Inc. - Common Stock,NASDAQ
INIO,INNIO N.V. - Ordinary Shares,NASDAQ
INKT,"MiNK Therapeutics, Inc. - Common Stock",NASDAQ
INLF,INLIF LIMITED - Class A Ordinary shares,NASDAQ
INM,InMed Pharmaceuticals Inc. - Common Shares,NASDAQ
INMB,INmune Bio Inc. - Common stock,NASDAQ
INMD,InMode Ltd.  - Ordinary Shares,NASDAQ
INNV,InnovAge Holding Corp. - Common Stock,NASDAQ
INO,"Inovio Pharmaceuticals, Inc. - Common Stock",NASDAQ
INOD,Innodata Inc. - Common Stock,NASDAQ
INSE,"Inspired Entertainment, Inc. - Common Stock",NASDAQ
INSG,Inseego Corp. - Common Stock,NASDAQ
INSM,Insmed Incorporated - Common Stock,NASDAQ
INTA,"Intapp, Inc. - Common Stock",NASDAQ
INTC,Intel Corporation - Common Stock,NASDAQ
INTG,The Intergroup Corporation - Common Stock,NASDAQ
INTJ,Intelligent Group Limited - Class A Ordinary Shares,NASDAQ
INTR,Inter & Co. Inc. - Class A Common Shares,NASDAQ
INTS,"Intensity Therapeutics, Inc. - Common Stock",NASDAQ
INTU,Intuit Inc. - Common Stock,NASDAQ
INTZ,Intrusion Inc. - Common Stock,NASDAQ
INV,"Innventure, Inc. - Common Stock",NASDAQ
INVA,"Innoviva, Inc. - Common Stock",NASDAQ
INVE,"Identiv, Inc. - Common Stock",NASDAQ
INVZ,Innoviz Technologies Ltd. - Ordinary shares,NASDAQ
IOND,Ionic Digital Inc. - Class A Common Stock,NASDAQ
IONS,"Ionis Pharmaceuticals, Inc. - Common Stock",NASDAQ
IOSP,Innospec Inc. - Common Stock,NASDAQ
IOTR,iOThree Limited - Ordinary Shares,NASDAQ
IOVA,"Iovance Biotherapeutics, Inc. - Common Stock",NASDAQ
IPAR,"Interparfums, Inc. - Common Stock",NASDAQ
IPDN,"Professional Diversity Network, Inc. - Common Stock",NASDAQ
IPGP,IPG Photonics Corporation - Common Stock,NASDAQ
IPM,Intelligent Protection Management Corp.  - Common Stock,NASDAQ
IPSC,"Century Therapeutics, Inc. - Common Stock",NASDAQ
IPST,"IP Strategy Holdings, Inc. - Common Stock",NASDAQ
IPVV,"InterPrivate Investment Partners V, Inc. - Class A Ordinary Shares",NASDAQ
IPW,iPower Inc. - Common Stock,NASDAQ
IPWR,Ideal Power Inc. - Common Stock,NASDAQ
IQST,iQSTEL Inc. - Common Stock,NASDAQ
IRD,"Opus Genetics, Inc. - Common Stock",NASDAQ
IRDM,Iridium Communications Inc - Common Stock,NASDAQ
IREN,IREN Limited - Ordinary Shares,NASDAQ
IRIX,IRIDEX Corporation - Common Stock,NASDAQ
IRMD,iRadimed Corporation - Common Stock,NASDAQ
IRON,"Disc Medicine, Inc. - Common Stock",NASDAQ
IRTC,"iRhythm Holdings, Inc.  - Common Stock",NASDAQ
IRWD,"Ironwood Pharmaceuticals, Inc. - Class A Common Stock",NASDAQ
ISBA,Isabella Bank Corporation - Common stock,NASDAQ
ISPC,iSpecimen Inc. - Common Stock,NASDAQ
ISPR,Ispire Technology Inc. - Common Stock,NASDAQ
ISRG,"Intuitive Surgical, Inc. - Common Stock",NASDAQ
ISSC,"Innovative Solutions and Support, Inc. - Common Stock",NASDAQ
ISTR,Investar Holding Corporation - Common Stock,NASDAQ
ITG,"ITG, Inc. - Class A Common Stock",NASDAQ
ITIC,Investors Title Company - Common Stock,NASDAQ
ITOC,iTonic Holdings Ltd - Class A Ordinary Shares,NASDAQ
ITRI,"Itron, Inc. - Common Stock",NASDAQ
ITRN,Ituran Location and Control Ltd. - Ordinary Shares,NASDAQ
IVA,Inventiva S.A. - American Depository Shares,NASDAQ
IVDA,"Iveda Solutions, Inc. - Common Stock",NASDAQ
IVF,"INVO Fertility, Inc. - Common Stock",NASDAQ
IVVD,"Invivyd, Inc. - Common Stock",NASDAQ
IXHL,Incannex Healthcare Inc. - Common Stock,NASDAQ
IZEA,"IZEA Worldwide, Inc. - Common Stock",NASDAQ
JACK,Jack In The Box Inc. - Common Stock,NASDAQ
JAGX,"Jaguar Health, Inc. - Common Stock",NASDAQ
JAKK,"JAKKS Pacific, Inc. - Common Stock",NASDAQ
JANX,"Janux Therapeutics, Inc. - Common Stock",NASDAQ
JAZZ,Jazz Pharmaceuticals plc - Ordinary Shares,NASDAQ
JBDI,JBDI Holdings Limited - Ordinary Shares,NASDAQ
JBHT,"J.B. Hunt Transport Services, Inc. - Common Stock",NASDAQ
JBIO,"Jade Biosciences, Inc. - Common Stock",NASDAQ
JBLU,JetBlue Airways Corporation - Common Stock,NASDAQ
JBSS,"John B. Sanfilippo & Son, Inc. - Common Stock",NASDAQ
JCAP,"Jefferson Capital, Inc. - Common Stock",NASDAQ
JCSE,JE Cleantech Holdings Limited - Ordinary Shares,NASDAQ
JCTC,Jewett-Cameron Trading Company - Common Shares,NASDAQ
JDZG,JIADE LIMITED - Class A Ordinary Shares,NASDAQ
JEM,707 Cayman Holdings Limited - Ordinary Shares,NASDAQ
JFB,JFB Construction Holdings - Class A Common Stock,NASDAQ
JJSF,J & J Snack Foods Corp. - Common Stock,NASDAQ
JKHY,"Jack Henry & Associates, Inc. - Common Stock",NASDAQ
JL,J-Long Group Limited - Class A Ordinary Shares,NASDAQ
JLHL,Julong Holding Limited - Class A Ordinary Shares,NASDAQ
JMSB,"John Marshall Bancorp, Inc. - Common Stock",NASDAQ
JOUT,Johnson Outdoors Inc. - Class A Common Stock,NASDAQ
JRSH,"Jerash Holdings (US), Inc. - Common Stock",NASDAQ
JRVR,"James River Group Holdings, Inc. - Common Stock",NASDAQ
JSPR,"Jasper Therapeutics, Inc. - Class A Common Stock",NASDAQ
JTAI,Jet.AI Inc. - Common Stock,NASDAQ
JUNS,"Jupiter Neurosciences, Inc. - Common Stock",NASDAQ
JVA,"Coffee Holding Co., Inc. - Common Stock",NASDAQ
JWEL,Jowell Global Ltd. - Ordinary Shares,NASDAQ
JXG,JX Luxventure Group Inc. - Common Stock,NASDAQ
JYD,Jayud Global Logistics Limited - Class A Ordinary Shares,NASDAQ
JYNT,The Joint Corp. - Common Stock,NASDAQ
JZXN,"Jiuzi Holdings, Inc. - Ordinary Shares",NASDAQ
KALA,"KALA BIO, Inc. - Common Stock",NASDAQ
KALU,Kaiser Aluminum Corporation - Common Stock,NASDAQ
KARD,"Kardigan, Inc. - Common Stock",NASDAQ
KARO,Karooooo Ltd. - Ordinary shares,NASDAQ
KAZR,Skyline Builders Group Holding Limited - Class A Ordinary Shares,NASDAQ
KBON,Karbon Capital Partners Corp. - Class A Ordinary Shares,NASDAQ
KBSX,FST Corp. - Ordinary Shares,NASDAQ
KDK,"Kodiak AI, Inc. - Common Stock",NASDAQ
KDP,Keurig Dr Pepper Inc. - Common Stock,NASDAQ
KE,"Kimball Electronics, Inc. - Common Stock",NASDAQ
KEEL,Keel Infrastructure Corp. - Common Stock,NASDAQ
KELYA,"Kelly Services, Inc. - Class A Common Stock",NASDAQ
KELYB,"Kelly Services, Inc. - Class B Common Stock",NASDAQ
KEQU,Kewaunee Scientific Corporation - Common Stock,NASDAQ
KFFB,Kentucky First Federal Bancorp - Common Stock,NASDAQ
KG,"Kestrel Group, Ltd. - Common Stock",NASDAQ
KGEI,Kolibri Global Energy Inc. - Common stock,NASDAQ
KHC,The Kraft Heinz Company - Common Stock,NASDAQ
KIDS,OrthoPediatrics Corp. - Common Stock,NASDAQ
KIDZ,KIDZ AI Inc. - Class B Common Stock,NASDAQ
KINS,"Kingstone Companies, Inc - Common Stock",NASDAQ
KITT,"Nauticus Robotics, Inc. - Common stock",NASDAQ
KLAC,KLA Corporation  - Common Stock,NASDAQ
KLIC,"Kulicke and Soffa Industries, Inc. - Common Stock",NASDAQ
KLRA,"Kailera Therapeutics, Inc. - Common stock",NASDAQ
KLRS,"Kalaris Therapeutics, Inc.  - Common Stock",NASDAQ
KLTR,"Kaltura, Inc. - Common Stock",NASDAQ
KLXE,"KLX Energy Services Holdings, Inc.  - Common Stock",NASDAQ
KMB,Kimberly-Clark Corporation - Common Stock,NASDAQ
KMDA,Kamada Ltd. - Ordinary Shares,NASDAQ
KMRK,K-Tech Solutions Company Limited - Class A Ordinary Shares,NASDAQ
KMTS,"Kestra Medical Technologies, Ltd. - Common Stock",NASDAQ
KNDI,"Kandi Technologies Group, Inc. - Ordinary Shares",NASDAQ
KNSA,"Kiniksa Pharmaceuticals International, plc - Class A Ordinary Shares",NASDAQ
KOD,Kodiak Sciences Inc - Common Stock,NASDAQ
KOPN,Kopin Corporation - Common Stock,NASDAQ
KOSS,Koss Corporation - Common Stock,NASDAQ
KPLT,"Katapult Holdings, Inc. - Common Stock",NASDAQ
KPRX,"Kiora Pharmaceuticals, Inc.  - Common Stock",NASDAQ
KPTI,Karyopharm Therapeutics Inc. - Common Stock,NASDAQ
KRMD,"KORU Medical Systems, Inc. - Common Stock",NASDAQ
KRNT,Kornit Digital Ltd. - Ordinary Shares,NASDAQ
KRNY,Kearny Financial - Common Stock,NASDAQ
KROS,"Keros Therapeutics, Inc. - common stock",NASDAQ
KRRO,"Korro Bio, Inc. - Common Stock",NASDAQ
KRT,Karat Packaging Inc. - Common Stock,NASDAQ
KRUS,"Kura Sushi USA, Inc. - Class A Common Stock",NASDAQ
KRYS,"Krystal Biotech, Inc. - Common Stock",NASDAQ
KSCP,"Knightscope, Inc. - Class A Common Stock",NASDAQ
KSPI,Joint Stock Company Kaspi.kz - American Depository Shares,NASDAQ
KTCC,Key Tronic Corporation - Common Stock,NASDAQ
KTOS,"Kratos Defense & Security Solutions, Inc. - Common Stock",NASDAQ
KTTA,Pasithea Therapeutics Corp. - Common Stock,NASDAQ
KURA,"Kura Oncology, Inc. - Common Stock",NASDAQ
KUST,"Kustom Entertainment, Inc. - Common Stock",NASDAQ
KVHI,"KVH Industries, Inc. - Common Stock",NASDAQ
KWM,"K Wave Media, Ltd. - Ordinary Shares",NASDAQ
KXIN,Kaixin Holdings - Ordinary Shares,NASDAQ
KYIV,Kyivstar Group Ltd. - Common Shares,NASDAQ
KYMR,"Kymera Therapeutics, Inc. - Common Stock",NASDAQ
KYNB,"Kyntra Bio, Inc. - Common Stock",NASDAQ
KYTX,"Kyverna Therapeutics, Inc. - Common Stock",NASDAQ
LAB,Standard BioTools Inc. - Common Stock,NASDAQ
LABT,Lakewood-Amedex Biotherapeutics Inc. - Common Stock,NASDAQ
LAES,SEALSQ Corp - Ordinary Shares,NASDAQ
LAKE,"Lakeland Industries, Inc. - Common Stock",NASDAQ
LAMR,Lamar Advertising Company - Class A Common Stock,NASDAQ
LAND,Gladstone Land Corporation - Common Stock,NASDAQ
LARK,Landmark Bancorp Inc. - Common Stock,NASDAQ
LASE,Laser Photonics Corporation - Common Stock,NASDAQ
LASR,"nLIGHT, Inc. - Common Stock",NASDAQ
LAUR,"Laureate Education, Inc. - Common Stock",NASDAQ
LAWR,"Robot Consulting Co., Ltd. - ADS",NASDAQ
LBGJ,Li Bang International Corporation Inc. - Class A Ordinary Shares,NASDAQ
LBRDA,Liberty Broadband Corporation - Class A Common Stock,NASDAQ
LBRDK,Liberty Broadband Corporation - Class C Common Stock,NASDAQ
LBRX,LB Pharmaceuticals Inc - Common Stock,NASDAQ
LBTYA,Liberty Global Ltd. - Class A Common Shares,NASDAQ
LBTYB,Liberty Global Ltd. - Class B Common Shares,NASDAQ
LBTYK,Liberty Global Ltd. - Class C Common Shares,NASDAQ
LCFY,Locafy Limited - Ordinary Share,NASDAQ
LCID,"Lucid Group, Inc. - Common Stock",NASDAQ
LCNB,LCNB Corporation - Common Stock,NASDAQ
LCUT,"Lifetime Brands, Inc. - Common Stock",NASDAQ
LE,"Lands' End, Inc. - Common Stock",NASDAQ
LECO,"Lincoln Electric Holdings, Inc. - Common Shares",NASDAQ
LEDS,SemiLEDS Corporation - Common Stock,NASDAQ
LEE,"Lee Enterprises, Incorporated - Common Stock",NASDAQ
LEGH,Legacy Housing Corporation - Common Stock,NASDAQ
LENZ,"LENZ Therapeutics, Inc. - Common Stock",NASDAQ
LESL,"Leslie's, Inc. - Common Stock",NASDAQ
LEXX,Lexaria Bioscience Corp. - Common Stock,NASDAQ
LFCR,"Lifecore Biomedical, Inc. - Common Stock",NASDAQ
LFMD,"LifeMD, Inc. - Common Stock",NASDAQ
LFST,"LifeStance Health Group, Inc. - Common Stock",NASDAQ
LFTO,"Liftoff Mobile, Inc. - Common Stock",NASDAQ
LFUS,"Littelfuse, Inc. - Common Stock",NASDAQ
LFVN,Lifevantage Corporation - Common Stock,NASDAQ
LFWD,Lifeward Ltd. - Ordinary Shares,NASDAQ
LGCL,Lucas GC Limited - Class A Ordinary Shares,NASDAQ
LGIH,"LGI Homes, Inc. - Common Stock",NASDAQ
LGN,Legence Corp. - Class A Common stock,NASDAQ
LGND,Ligand Pharmaceuticals Incorporated - Common Stock,NASDAQ
LGO,Largo Inc. - Common Shares,NASDAQ
LGVN,Longeveron Inc. - Class A Common stock,NASDAQ
LHAI,Linkhome Holdings Inc. - Common stock,NASDAQ
LHSW,Lianhe Sowell International Group Ltd - Class A Ordinary Shares,NASDAQ
LICN,Lichen International Limited - Class A Ordinary Shares,NASDAQ
LIDR,"AEye, Inc. - Class A Common Stock",NASDAQ
LIEN,"Chicago Atlantic BDC, Inc. - Common Stock",NASDAQ
LIF,"Life360, Inc. - Common Stock",NASDAQ
LIFE,Ethos Technologies Inc. - Class A Common Stock,NASDAQ
LILA,Liberty Latin America Ltd. - Class A Common Stock,NASDAQ
LILAK,Liberty Latin America Ltd. - Class C Common Stock,NASDAQ
LIME,"Neutron Holdings, Inc. - Common Stock",NASDAQ
LIMN,"Liminatus Pharma, Inc. - Class A Common Stock",NASDAQ
LIN,Linde plc - Ordinary Shares,NASDAQ
LINC,Lincoln Educational Services Corporation - Common Stock,NASDAQ
LIND,Lindblad Expeditions Holdings Inc.  - Common Stock,NASDAQ
LINE,"Lineage, Inc. - Common Stock",NASDAQ
LINK,"Interlink Electronics, Inc. - Common Stock",NASDAQ
LIQT,"LiqTech International, Inc. - Common Stock",NASDAQ
LITE,Lumentum Holdings Inc. - Common Stock,NASDAQ
LITS,"Lite Strategy, Inc. - Common Stock",NASDAQ
LIVE,Live Ventures Incorporated - Common Stock,NASDAQ
LIVN,LivaNova PLC - Ordinary Shares,NASDAQ
LKFN,Lakeland Financial Corporation - Common Stock,NASDAQ
LKQ,LKQ Corporation - Common Stock,NASDAQ
LLYVA,"Liberty Live Holdings, Inc. - Series A Liberty Live Group Common Stock",NASDAQ
LLYVK,"Liberty Live Holdings, Inc. - Series C Liberty Live Group Common Stock",NASDAQ
LMAT,"LeMaitre Vascular, Inc. - Common Stock",NASDAQ
LMB,"Limbach Holdings, Inc. - Common Stock",NASDAQ
LMNR,Limoneira Co - Common Stock,NASDAQ
LMRI,"Lumexa Imaging Holdings, Inc. - Common Stock",NASDAQ
LNAI,Lunai Bioworks Inc. - Common Stock,NASDAQ
LNKS,Linkers Industries Limited - Class A Ordinary Shares,NASDAQ
LNSR,"LENSAR, Inc. - Common Stock",NASDAQ
LNT,Alliant Energy Corporation - Common Stock,NASDAQ
LNTH,"Lantheus Holdings, Inc. - Common Stock",NASDAQ
LNZA,"LanzaTech Global, Inc. - Common Stock",NASDAQ
LOAN,"Manhattan Bridge Capital, Inc - Common Stock",NASDAQ
LOBO,LOBO TECHNOLOGIES LTD. - Class A Ordinary Shares,NASDAQ
LOCO,"El Pollo Loco Holdings, Inc. - Common Stock",NASDAQ
LOGI,Logitech International S.A. - Registered Shares,NASDAQ
LONA,"LeonaBio, Inc. - Common Stock",NASDAQ
LOOP,"Loop Industries, Inc. - Common Stock",NASDAQ
LOPE,"Grand Canyon Education, Inc. - Common Stock",NASDAQ
LOVE,The Lovesac Company - Common Stock,NASDAQ
LPCN,Lipocine Inc. - Common Stock,NASDAQ
LPLA,LPL Financial Holdings Inc. - Common Stock,NASDAQ
LPSN,"LivePerson, Inc. - Common Stock",NASDAQ
LPTH,"LightPath Technologies, Inc. - Class A Common Stock",NASDAQ
LQDA,Liquidia Corporation - Common Stock,NASDAQ
LQDT,"Liquidity Services, Inc. - Common Stock",NASDAQ
LRCX,Lam Research Corporation - Common Stock,NASDAQ
LRMR,"Larimar Therapeutics, Inc. - Common Stock",NASDAQ
LSAK,"Lesaka Technologies, Inc. - Common Stock",NASDAQ
LSBK,"Lake Shore Bancorp, Inc. - Common Stock",NASDAQ
LSCC,Lattice Semiconductor Corporation - Common Stock,NASDAQ
LSE,"Leishen Energy Holding Co., Ltd. - Class A Ordinary Shares",NASDAQ
LSH,Lakeside Holding Limited - Common Stock,NASDAQ
LSTA,"Lisata Therapeutics, Inc. - Common Stock",NASDAQ
LSTR,"Landstar System, Inc. - Common Stock",NASDAQ
LTBR,Lightbridge Corporation - Common Stock,NASDAQ
LTGR,Long Table Growth Corp. - Class A Ordinary Shares,NASDAQ
LTRN,Lantern Pharma Inc. - Common Stock,NASDAQ
LTRX,"Lantronix, Inc. - Common Stock",NASDAQ
LUCD,Lucid Diagnostics Inc. - Common Stock,NASDAQ
LUCY,"Innovative Eyewear, Inc. - Common Stock",NASDAQ
LULU,lululemon athletica inc. - Common Stock,NASDAQ
LUNG,Pulmonx Corporation - Common Stock,NASDAQ
LUNR,"Intuitive Machines, Inc. - Class A Common Stock",NASDAQ
LVLU,"Lulu's Fashion Lounge Holdings, Inc. - Common Stock",NASDAQ
LVO,"LiveOne, Inc. - Common Stock",NASDAQ
LWAY,"Lifeway Foods, Inc. - Common Stock",NASDAQ
LWLG,"Lightwave Logic, Inc. - Common Stock",NASDAQ
LXEO,"Lexeo Therapeutics, Inc. - Common Stock",NASDAQ
LXRX,"Lexicon Pharmaceuticals, Inc. - Common Stock",NASDAQ
LYEL,"Lyell Immunopharma, Inc. - Common Stock",NASDAQ
LYFT,"Lyft, Inc. - Class A Common Stock",NASDAQ
LYTS,LSI Industries Inc. - Common Stock,NASDAQ
LZ,"LegalZoom.com, Inc. - Common Stock",NASDAQ
LZMH,LZ Technology Holdings Limited - Class B Ordinary Shares,NASDAQ
MAAS,Maase Inc. - Class A Ordinary Shares,NASDAQ
MAGH,Magnitude International Ltd - Ordinary Shares,NASDAQ
MAKO,Mako Mining Corp - Common Stock,NASDAQ
MAMA,"Mama's Creations, Inc. - Common Stock",NASDAQ
MAMK,MaxsMaking Inc. - Class A Ordinary Shares,NASDAQ
MAMO,Massimo Group - Common Stock,NASDAQ
MANH,"Manhattan Associates, Inc. - Common Stock",NASDAQ
MAR,Marriott International - Class A Common Stock,NASDAQ
MARA,"MARA Holdings, Inc. - Common Stock",NASDAQ
MASK,3 E Network Technology Group Ltd - Class A Ordinary Shares,NASDAQ
MASS,908 Devices Inc. - Common Stock,NASDAQ
MAT,"Mattel, Inc. - Common Stock",NASDAQ
MATH,Metalpha Technology Holding Limited - Ordinary Shares,NASDAQ
MATW,Matthews International Corporation - Class A Common Stock,NASDAQ
MAYS,"J. W. Mays, Inc. - Common Stock",NASDAQ
MAZE,"Maze Therapeutics, Inc. - Common Stock",NASDAQ
MB,MasterBeef Group - Ordinary Shares,NASDAQ
MBAI,Check-Cap Ltd. - Ordinary Share,NASDAQ
MBBC,"Marathon Bancorp, Inc. - Common Stock",NASDAQ
MBIN,Merchants Bancorp - Common Stock,NASDAQ
MBIO,"Mustang Bio, Inc. - Common Stock",NASDAQ
MBLY,Mobileye Global Inc. - Class A Common Stock,NASDAQ
MBOT,Microbot Medical Inc.  - Common Stock,NASDAQ
MBRX,"Moleculin Biotech, Inc. - Common Stock",NASDAQ
MBUU,"Malibu Boats, Inc. - Common Stock",NASDAQ
MBWM,Mercantile Bank Corporation - Common Stock,NASDAQ
MBX,"MBX Biosciences, Inc. - Common Stock",NASDAQ
MCBS,"MetroCity Bankshares, Inc. - Common Stock",NASDAQ
MCFT,"MasterCraft Boat Holdings, Inc. - Common Stock",NASDAQ
MCHB,Mechanics Bancorp - Class A Common Stock,NASDAQ
MCHP,Microchip Technology Incorporated - Common Stock,NASDAQ
MCHX,"Marchex, Inc. - Class B Common Stock",NASDAQ
MCRB,"Seres Therapeutics, Inc. - Common Stock",NASDAQ
MCRI,"Monarch Casino & Resort, Inc. - Common Stock",NASDAQ
MCTA,Charming Medical Limited - Class A Ordinary Shares,NASDAQ
MDAI,"Spectral AI, Inc. - Class A Common Stock",NASDAQ
MDB,"MongoDB, Inc. - Class A Common Stock",NASDAQ
MDBH,"MDB Capital Holdings, LLC - Class A common ",NASDAQ
MDCX,Medicus Pharma Ltd. - Common Stock,NASDAQ
MDGL,"Madrigal Pharmaceuticals, Inc. - Common Stock",NASDAQ
MDIA,Mediaco Holding Inc. - Class A Common Stock,NASDAQ
MDLN,Medline Inc. - Class A common stock,NASDAQ
MDLZ,"Mondelez International, Inc. - Class A Common Stock",NASDAQ
MDRR,"Medalist Diversified, Inc. - Common Stock",NASDAQ
MDWD,MediWound Ltd. - Ordinary Shares,NASDAQ
MDXG,"MiMedx Group, Inc - Common Stock",NASDAQ
MDXH,MDxHealth SA - Ordinary Shares,NASDAQ
MEDP,"Medpace Holdings, Inc. - Common Stock",NASDAQ
MEDS,"DataMeds AI, Inc. - Common Stock",NASDAQ
MEGL,Magic Empire Global Limited - Class A Ordinary Shares,NASDAQ
MELI,"MercadoLibre, Inc. - Common Stock",NASDAQ
MENS,Jyong Biotech Ltd. - Ordinary shares,NASDAQ
MEOH,Methanex Corporation - Common Stock,NASDAQ
MERC,Mercer International Inc. - Common Stock,NASDAQ
META,"Meta Platforms, Inc. - Class A Common Stock",NASDAQ
METC,"Ramaco Resources, Inc. - Class A Common Stock",NASDAQ
METCB,"Ramaco Resources, Inc. - Class B Common Stock",NASDAQ
MF,MindForge Inc. - Class A Ordinary Shares,NASDAQ
MFI,mF International Limited - Class A Ordinary Shares,NASDAQ
MFIN,Medallion Financial Corp. - Common Stock,NASDAQ
MFP,"Midera Food Processing, Inc. - Common Stock",NASDAQ
MGEE,MGE Energy Inc. - Common Stock,NASDAQ
MGIH,Millennium Group International Holdings Limited - Ordinary Shares,NASDAQ
MGN,Megan Holdings Limited - Class A Ordinary Shares,NASDAQ
MGNI,"Magnite, Inc. - Common Stock",NASDAQ
MGNX,"MacroGenics, Inc. - Common Stock",NASDAQ
MGPI,"MGP Ingredients, Inc. - Common Stock",NASDAQ
MGRC,McGrath RentCorp - Common Stock,NASDAQ
MGRT,Mega Fortune Company Limited - Ordinary Shares,NASDAQ
MGRX,"Mangoceuticals, Inc. - Common Stock",NASDAQ
MGTX,MeiraGTx Holdings plc - Ordinary Shares,NASDAQ
MGX,"Metagenomi Therapeutics, Inc. - Common Stock",NASDAQ
MGYR,"Magyar Bancorp, Inc. - Common Stock",NASDAQ
MIDD,The Middleby Corporation - Common Stock,NASDAQ
MIMI,Mint Incorporation Limited - Class A Ordinary Shares,NASDAQ
MIND,"MIND Technology, Inc. - Common Stock",NASDAQ
MIRA,"MIRA Pharmaceuticals, Inc. - Common Stock",NASDAQ
MIRM,"Mirum Pharmaceuticals, Inc. - common stock",NASDAQ
MIST,Milestone Pharmaceuticals Inc. - Common Shares,NASDAQ
MITK,"Mitek Systems, Inc. - Common Stock",NASDAQ
MKDW,MKDWELL Tech Inc. - Ordinary Shares,NASDAQ
MKSI,MKS Inc. - Common Stock,NASDAQ
MKTW,"MarketWise, Inc. - Class A Common Stock",NASDAQ
MKTX,"MarketAxess Holdings, Inc. - Common Stock",NASDAQ
MKZR,"MacKenzie Realty Capital, Inc. - Common Stock",NASDAQ
MLAB,"Mesa Laboratories, Inc. - Common Stock",NASDAQ
MLCI,Mount Logan Capital Inc. - Common Stock,NASDAQ
MLEC,Moolec Science SA - Ordinary Shares,NASDAQ
MLGO,"MicroAlgo, Inc. - Ordinary Shares",NASDAQ
MLKN,"MillerKnoll, Inc. - Common Stock",NASDAQ
MLTX,MoonLake Immunotherapeutics - Class A Ordinary Shares,NASDAQ
MLYS,"Mineralys Therapeutics, Inc. - Common Stock",NASDAQ
MMED,"MiniMed Group, Inc. - Common Stock",NASDAQ
MMSI,"Merit Medical Systems, Inc. - Common Stock",NASDAQ
MMYT,MakeMyTrip Limited - Ordinary Shares,NASDAQ
MNDO,MIND C.T.I. Ltd. - Ordinary Shares,NASDAQ
MNDR,Mobile-health Network Solutions - Class A Ordinary Shares,NASDAQ
MNDY,monday.com Ltd. - Ordinary Shares,NASDAQ
MNKD,MannKind Corporation - Common Stock,NASDAQ
MNOV,"MediciNova, Inc. - Common Stock",NASDAQ
MNPR,Monopar Therapeutics Inc. - Common Stock,NASDAQ
MNRO,"Monro, Inc.  - Common Stock",NASDAQ
MNSB,"MainStreet Bancshares, Inc. - Common Stock",NASDAQ
MNST,Monster Beverage Corporation - Common Stock,NASDAQ
MNTK,"Montauk Renewables, Inc. - Common Stock",NASDAQ
MNTS,Momentus Inc. - Class A Common Stock,NASDAQ
MNY,MoneyHero Limited - Class A Ordinary Shares,NASDAQ
MOB,Mobilicom Limited - Ordinary Shares,NASDAQ
MOBI,"Mobia Medical, Inc. - Common Stock",NASDAQ
MOBX,"Mobix Labs, Inc. - Class A Common Stock",NASDAQ
MODD,"Modular Medical, Inc. - common stock",NASDAQ
MORN,"Morningstar, Inc. - Common Stock",NASDAQ
MOVE,"Corvex, Inc. - Common Stock",NASDAQ
MPAA,"Motorcar Parts of America, Inc. - Common Stock",NASDAQ
MPB,Mid Penn Bancorp - Common Stock,NASDAQ
MPLT,"MapLight Therapeutics, Inc. - Common Stock",NASDAQ
MPWR,"Monolithic Power Systems, Inc. - Common Stock",NASDAQ
MQ,"Marqeta, Inc. - Class A Common Stock",NASDAQ
MRAM,"Everspin Technologies, Inc. - Common Stock",NASDAQ
MRBK,Meridian Corporation - Common Stock,NASDAQ
MRCY,Mercury Systems Inc - Common Stock,NASDAQ
MRDN,Meridian Holdings Inc. - Common Stock,NASDAQ
MRKR,"Marker Therapeutics, Inc. - Common Stock",NASDAQ
MRLN,"Merlin, Inc. - Common Stock",NASDAQ
MRNA,"Moderna, Inc. - Common Stock",NASDAQ
MRNO,Murano Global Investments PLC - Ordinary Shares,NASDAQ
MRTN,"Marten Transport, Ltd. - Common Stock",NASDAQ
MRVI,"Maravai LifeSciences Holdings, Inc. - Class A common stock",NASDAQ
MRVL,"Marvell Technology, Inc. - Common Stock",NASDAQ
MRX,Marex Group Limited - Ordinary Shares,NASDAQ
MSAI,"MultiSensor AI Holdings, Inc. - Common Stock",NASDAQ
MSBI,"Midland States Bancorp, Inc. - Common Stock",NASDAQ
MSEX,Middlesex Water Company - Common Stock,NASDAQ
MSFT,Microsoft Corporation - Common Stock,NASDAQ
MSGM,Motorsport Games Inc. - Class A Common Stock,NASDAQ
MSGY,Masonglory Limited - Ordinary Shares,NASDAQ
MSLE,Satellos Bioscience Inc. - Common Stock,NASDAQ
MSS,Maison Solutions Inc. - Class A Common Stock,NASDAQ
MSTR,Strategy Inc - Class A Common Stock,NASDAQ
MTC,"MMTec, Inc. - Common Shares",NASDAQ
MTCH,"Match Group, Inc. - Common Stock",NASDAQ
MTEK,Maris-Tech Ltd. - ordinary shares,NASDAQ
MTEN,Mingteng International Corporation Inc. - Class A Ordinary Shares,NASDAQ
MTEX,"Mannatech, Incorporated - Common Stock",NASDAQ
MTRX,Matrix Service Company - Common Stock,NASDAQ
MTSI,"MACOM Technology Solutions Holdings, Inc. - Common Stock",NASDAQ
MTVA,MetaVia Inc.  - Common Stock,NASDAQ
MU,"Micron Technology, Inc. - Common Stock",NASDAQ
MVBF,MVB Financial Corp. - Common Stock,NASDAQ
MVIS,"MicroVision, Inc. - Common Stock",NASDAQ
MVST,"Microvast Holdings, Inc. - Common Stock",NASDAQ
MWH,"SOLV Energy, Inc. - Class A common stock",NASDAQ
MWYN,"Marwynn Holdings, Inc. - Common stock",NASDAQ
MXCT,"MaxCyte, Inc. - Common Stock",NASDAQ
MXL,"MaxLinear, Inc - Common Stock",NASDAQ
MYFW,"First Western Financial, Inc. - Common Stock",NASDAQ
MYGN,"Myriad Genetics, Inc. - Common Stock",NASDAQ
MYPS,"PLAYSTUDIOS, Inc.  - Class A Common Stock",NASDAQ
MYRG,"MYR Group, Inc. - Common Stock",NASDAQ
MYSE,"Myseum.AI, Inc. - Common Stock",NASDAQ
MYSZ,"My Size, Inc. - Common Stock",NASDAQ
MZTI,The Marzetti Company - Common Stock,NASDAQ
NAGE,"Niagen Bioscience, Inc. - Common Stock",NASDAQ
NAII,"Natural Alternatives International, Inc. - Common Stock",NASDAQ
NAKA,Nakamoto Inc. - Common Stock,NASDAQ
NAMM,Namib Minerals - Ordinary Shares,NASDAQ
NAMS,NewAmsterdam Pharma Company N.V. - Ordinary Shares,NASDAQ
NAN,Nano Labs Ltd - Class A Ordinary Shares,NASDAQ
NATH,"Nathan's Famous, Inc. - Common Stock",NASDAQ
NATR,"Nature's Sunshine Products, Inc. - Common Stock",NASDAQ
NAUT,"Nautilus Biotechnology, Inc. - Common Stock",NASDAQ
NAVI,Navient Corporation - Common Stock,NASDAQ
NAVN,"Navan, Inc. - Class A Common Stock",NASDAQ
NB,NioCorp Developments Ltd. - Common Stock,NASDAQ
NBBK,"NB Bancorp, Inc. - Common Stock",NASDAQ
NBIS,Nebius Group N.V. - Class A Ordinary Shares,NASDAQ
NBIX,"Neurocrine Biosciences, Inc. - Common Stock",NASDAQ
NBN,Northeast Bank - Common Stock,NASDAQ
NBTB,NBT Bancorp Inc. - Common Stock,NASDAQ
NBTX,Nanobiotix S.A. - ADSs,NASDAQ
NCEL,NewcelX Ltd. - Ordinary Shares,NASDAQ
NCEW,New Century Logistics (BVI) Limited - Ordinary Shares,NASDAQ
NCI,Neo-Concept International Group Holdings Limited - Class A Ordinary Shares,NASDAQ
NCMI,"National CineMedia, Inc. - Common Stock",NASDAQ
NCNO,"nCino, Inc. - Common Stock",NASDAQ
NCPL,Netcapital Inc. - Common Stock,NASDAQ
NCRA,"Nocera, Inc. - common stock",NASDAQ
NCSM,"NCS Multistage Holdings, Inc. - Common Stock",NASDAQ
NCT,Intercont (Cayman) Limited - Class A Ordinary shares,NASDAQ
NCTY,The9 Limited - American Depository Shares,NASDAQ
NDAQ,"Nasdaq, Inc. - Common Stock",NASDAQ
NDLS,Noodles & Company - Class A Common Stock,NASDAQ
NDRA,ENDRA Life Sciences Inc. - Common Stock,NASDAQ
NDSN,Nordson Corporation - Common Stock,NASDAQ
NEGG,"Newegg Commerce, Inc. - Common Shares",NASDAQ
NEO,"NeoGenomics, Inc. - Common Stock",NASDAQ
NEOG,Neogen Corporation - Common Stock,NASDAQ
NEON,Neonode Inc. - Common Stock,NASDAQ
NEOV,NeoVolta Inc. - Common Stock,NASDAQ
NEPH,"Nephros, Inc. - Common Stock",NASDAQ
NERV,"Minerva Neurosciences, Inc - Common Stock",NASDAQ
NEUP,Neuphoria Therapeutics Inc. - Common Stock,NASDAQ
NEWT,"NewtekOne, Inc. - Common Stock",NASDAQ
NEXM,NexMetals Mining Corp. - Common Stock,NASDAQ
NEXN,Nexxen International Ltd. - Ordinary Shares,NASDAQ
NEXR,Nexera Technologies Ltd - Ordinary Shares,NASDAQ
NEXT,NextDecade Corporation - Common Stock,NASDAQ
NFE,New Fortress Energy Inc. - Class A Common Stock,NASDAQ
NFLX,"Netflix, Inc. - Common Stock",NASDAQ
NGEN,NervGen Pharma Corp. - Common stock,NASDAQ
NGNE,Neurogene Inc. - Common Stock,NASDAQ
NHIC,NewHold Investment Corp III - Class A Ordinary shares,NASDAQ
NHIV,NewHold Investment Corp IV - Class A Ordinary Shares,NASDAQ
NHP,"National Healthcare Properties, Inc. - Class A Common Stock",NASDAQ
NHTC,Natural Health Trends Corp. - Common Stock,NASDAQ
NIKI,"Niki BioSolutions, Inc. - Common Stock",NASDAQ
NIVF,NewGenIvf Group Limited - Class A Ordinary Shares,NASDAQ
NIXX,"Nixxy, Inc. - Common Stock",NASDAQ
NKLR,Terra Innovatum Global N.V. - Ordinary shares,NASDAQ
NKSH,"National Bankshares, Inc. - Common Stock",NASDAQ
NKTR,Nektar Therapeutics - Common Stock,NASDAQ
NKTX,"Nkarta, Inc. - Common Stock",NASDAQ
NMAD,"Nomad Power Solutions, Inc. - Common Stock",NASDAQ
NMFC,New Mountain Finance Corporation - Common Stock,NASDAQ
NMIH,NMI Holdings Inc - Common Stock,NASDAQ
NMRA,"Neumora Therapeutics, Inc. - Common Stock",NASDAQ
NMRK,"Newmark Group, Inc. - Class A Common Stock",NASDAQ
NMTC,NeuroOne Medical Technologies Corporation - Common Stock,NASDAQ
NN,NextNav Inc. - Common stock,NASDAQ
NNBR,"NN, Inc. - Common Stock",NASDAQ
NNE,Nano Nuclear Energy Inc. - common stock,NASDAQ
NNNN,Anbio Biotechnology - Class A Ordinary Shares,NASDAQ
NNOX,NANO-X IMAGING LTD - Ordinary Shares,NASDAQ
NODK,"NI Holdings, Inc. - Common Stock",NASDAQ
NOEM,CO2 Energy Transition Corp. - Common Stock,NASDAQ
NOMA,NOMADAR Corp. - Class A Common Stock,NASDAQ
NOVT,Novanta Inc. - Common Shares,NASDAQ
NPCE,"Neuropace, Inc. - Common Stock",NASDAQ
NPT,Texxon Holding Limited - Ordinary shares,NASDAQ
NRC,NRC Health - Common Stock,NASDAQ
NRDS,"NerdWallet, Inc. - Class A Common Stock",NASDAQ
NRIM,Northrim BanCorp Inc - Common Stock,NASDAQ
NRIX,"Nurix Therapeutics, Inc. - Common stock",NASDAQ
NRSN,NeuroSense Therapeutics Ltd. - Ordinary Shares,NASDAQ
NRXP,"NRX Pharmaceuticals, Inc. - Common Stock",NASDAQ
NSIT,"Insight Enterprises, Inc. - Common Stock",NASDAQ
NSPR,InspireMD Inc. - Common Stock,NASDAQ
NSSC,"NAPCO Security Technologies, Inc. - Common Stock",NASDAQ
NSTS,"NSTS Bancorp, Inc. - Common Stock",NASDAQ
NSYS,Nortech Systems Incorporated - Common Stock,NASDAQ
NTAP,"NetApp, Inc. - Common Stock",NASDAQ
NTCL,NETCLASS TECHNOLOGY INC - Class A Ordinary Shares,NASDAQ
NTCT,"NetScout Systems, Inc. - Common Stock",NASDAQ
NTGR,"NETGEAR, Inc. - Common Stock",NASDAQ
NTHI,"NeOnc Technologies Holdings, Inc. - Common Stock",NASDAQ
NTIC,Northern Technologies International Corporation - Common Stock,NASDAQ
NTLA,"Intellia Therapeutics, Inc. - Common Stock",NASDAQ
NTNX,"Nutanix, Inc. - Class A Common Stock",NASDAQ
NTRA,"Natera, Inc. - Common Stock",NASDAQ
NTRB,Nutriband Inc. - Common Stock,NASDAQ
NTRP,"NextTrip, Inc. - Common Stock",NASDAQ
NTRS,Northern Trust Corporation - Common Stock,NASDAQ
NTSK,"Netskope, Inc. - Class A Common Stock",NASDAQ
NTWK,NETSOL Technologies Inc. - Common Stock,NASDAQ
NUAI,"New Era Energy & Digital, Inc. - Common Stock",NASDAQ
NUCL,Eagle Nuclear Energy Corp. - Common stock,NASDAQ
NUTX,Nutex Health Inc. - Common Stock,NASDAQ
NUWE,"Nuwellis, Inc. - Common Stock",NASDAQ
NVAX,"Novavax, Inc. - Common Stock",NASDAQ
NVCR,NovoCure Limited - Ordinary Shares,NASDAQ
NVCT,"Nuvectis Pharma, Inc. - Common Stock",NASDAQ
NVDA,NVIDIA Corporation - Common Stock,NASDAQ
NVEC,NVE Corporation - Common Stock,NASDAQ
NVMI,Nova Ltd. - Ordinary Shares,NASDAQ
NVNI,Nvni Group Limited - Ordinary Shares,NASDAQ
NVNO,enVVeno Medical Corporation - Common Stock,NASDAQ
NVTS,Navitas Semiconductor Corporation - Common Stock,NASDAQ
NVX,NOVONIX Limited - American Depository Shares,NASDAQ
NWBI,"Northwest Bancshares, Inc. - Common Stock",NASDAQ
NWE,"NorthWestern Energy Group, Inc.  - Common Stock",NASDAQ
NWFL,Norwood Financial Corp. - Common Stock,NASDAQ
NWL,Newell Brands Inc. - Common Stock,NASDAQ
NWPX,"NWPX Infrastructure, Inc. - Common Stock",NASDAQ
NWS,News Corporation - Class B Common Stock,NASDAQ
NWSA,News Corporation - Class A Common Stock,NASDAQ
NWTG,"Newton Golf Company, Inc. - Common Stock",NASDAQ
NXGL,"NexGel, Inc - Common Stock",NASDAQ
NXL,"Nexalin Technology, Inc. - Common Stock",NASDAQ
NXPI,NXP Semiconductors N.V. - Common Stock,NASDAQ
NXPL,NextPlat Corp - Common Stock,NASDAQ
NXST,"Nexstar Media Group, Inc. - Common Stock",NASDAQ
NXT,Nextpower Inc. - Class A Common Stock,NASDAQ
NXTC,"NextCure, Inc. - Common Stock",NASDAQ
NXTS,Nexentis Technologies Inc. - Common Stock,NASDAQ
NXTT,Next Technology Holding Inc. - Ordinary Shares,NASDAQ
NXXT,"NextNRG, Inc. - Common Stock",NASDAQ
NYAX,Nayax Ltd. - Ordinary Shares,NASDAQ
NYXH,Nyxoah SA - Ordinary Shares,NASDAQ
OABI,"OmniAb, Inc. - Common Stock",NASDAQ
OBIO,"Orchestra BioMed Holdings, Inc. - Ordinary Shares",NASDAQ
OBT,"Orange County Bancorp, Inc. - Common Stock",NASDAQ
OCC,Optical Cable Corporation - Common Stock,NASDAQ
OCFC,OceanFirst Financial Corp. - Common Stock,NASDAQ
OCG,Oriental Culture Holding LTD - Ordinary Shares,NASDAQ
OCGN,"Ocugen, Inc. - Common Stock",NASDAQ
OCS,Oculis Holding AG - Ordinary shares,NASDAQ
OCTV,Octave Intelligence plc - Class B Ordinary Shares,NASDAQ
OCUL,"Ocular Therapeutix, Inc. - Common Stock",NASDAQ
ODD,ODDITY Tech Ltd. - Class A Ordinary Shares,NASDAQ
ODFL,"Old Dominion Freight Line, Inc. - Common Stock",NASDAQ
ODTX,"Odyssey Therapeutics, Inc. - Common Stock",NASDAQ
ODYS,Odysight.ai Inc. - Common Stock,NASDAQ
OESX,"Orion Energy Systems, Inc. - Common Stock",NASDAQ
OFAL,OFA Group - Class A Ordinary Shares,NASDAQ
OFIX,Orthofix Medical Inc.  - Common Stock,NASDAQ
OFLX,"Omega Flex, Inc. - Common Stock",NASDAQ
OGI,Organigram Global Inc. - Common Shares,NASDAQ
OIO,OIO Group - Ordinary Shares,NASDAQ
OKTA,"Okta, Inc. - Class A Common Stock",NASDAQ
OKUR,"OnKure Therapeutics, Inc. - Class A Common Stock",NASDAQ
OKYO,OKYO Pharma Limited - Ordinary Shares,NASDAQ
OLB,"The OLB Group, Inc. - Common Stock",NASDAQ
OLED,Universal Display Corporation - Common Stock,NASDAQ
OLLI,"Ollie's Bargain Outlet Holdings, Inc. - Common Stock",NASDAQ
OLMA,"Olema Pharmaceuticals, Inc. - Common Stock",NASDAQ
OM,"Outset Medical, Inc. - Common Stock",NASDAQ
OMCL,"Omnicell, Inc. - Common Stock",NASDAQ
OMDA,"Omada Health, Inc. - Common Stock",NASDAQ
OMER,Omeros Corporation - Common Stock,NASDAQ
OMEX,"Odyssey Marine Exploration, Inc. - Common Stock",NASDAQ
OMH,Ohmyhome Limited - Class A Ordinary Shares,NASDAQ
OMSE,OMS Energy Technologies Inc. - Ordinary Shares,NASDAQ
ON,ON Semiconductor Corporation - Common Stock,NASDAQ
ONB,Old National Bancorp - Common Stock,NASDAQ
ONCO,"Onconetix, Inc.  - Common Stock",NASDAQ
ONCY,Oncolytics Biotech Inc. - Common Stock,NASDAQ
ONDS,Ondas Inc - Common Stock,NASDAQ
ONEG,OneConstruction Group Limited - Ordinary Shares,NASDAQ
ONEW,OneWater Marine Inc. - Class A Common Stock,NASDAQ
ONFO,Onfolio Holdings Inc. - Common Stock,NASDAQ
ONMD,OneMedNet Corp - Class A Common Stock,NASDAQ
OPAL,OPAL Fuels Inc. - Class A Common Stock,NASDAQ
OPBK,OP Bancorp - Common Stock,NASDAQ
OPCH,"Option Care Health, Inc. - Common Stock",NASDAQ
OPEN,Opendoor Technologies Inc  - Common Stock,NASDAQ
OPK,"Opko Health, Inc. - Common Stock",NASDAQ
OPRT,Oportun Financial Corporation - common stock,NASDAQ
OPRX,OptimizeRx Corporation - Common Stock,NASDAQ
OPTH,Optimi Health Corp. - Common Shares,NASDAQ
OPTX,"Syntec Optics Holdings, Inc. - Class A Common Stock",NASDAQ
OPXS,"Optex Systems Holdings, Inc. - Common Stock",NASDAQ
ORBS,Eightco Holdings Inc. - Common Stock,NASDAQ
ORGO,Organogenesis Holdings Inc.  - Class A ,NASDAQ
ORIC,"Oric Pharmaceuticals, Inc. - Common Stock",NASDAQ
ORIO,Orion Digital Corp. - Common Shares,NASDAQ
ORIQ,Origin Investment Corp I - Ordinary Shares,NASDAQ
ORKA,"Oruka Therapeutics, Inc. - Common Stock",NASDAQ
ORKT,Orangekloud Technology Inc. - Class A Ordinary Shares,NASDAQ
ORLY,"O'Reilly Automotive, Inc. - Common Stock",NASDAQ
ORMP,Oramed Pharmaceuticals Inc. - Common Stock,NASDAQ
ORRF,"Orrstown Financial Services, Inc. - Common Stock",NASDAQ
OSBC,"Old Second Bancorp, Inc. - Common Stock",NASDAQ
OSIS,"OSI Systems, Inc. - Common Stock",NASDAQ
OSPN,OneSpan Inc. - Common Stock,NASDAQ
OSRH,"OSR Health, Inc. - Common Stock",NASDAQ
OSS,"One Stop Systems, Inc. - Common Stock",NASDAQ
OST,"Ostin Technology Group Co., Ltd. - Class A Ordinary Shares",NASDAQ
OSUR,"OraSure Technologies, Inc. - Common Stock",NASDAQ
OSW,OneSpaWorld Holdings Limited - Common Shares,NASDAQ
OTEX,Open Text Corporation - Common Shares,NASDAQ
OTLK,"Outlook Therapeutics, Inc. - Common Stock",NASDAQ
OTTR,Otter Tail Corporation - Common Stock,NASDAQ
OUST,"Ouster, Inc. - Common Stock",NASDAQ
OVBC,Ohio Valley Banc Corp. - Common Stock,NASDAQ
OVID,Ovid Therapeutics Inc. - Common Stock,NASDAQ
OVLY,Oak Valley Bancorp (CA) - Common Stock,NASDAQ
OWLS,OBOOK Holdings Inc. - Class A Common Shares,NASDAQ
OXBR,Oxbridge Re Holdings Limited - Ordinary Shares,NASDAQ
OZK,Bank OZK - Common Stock,NASDAQ
PACB,"Pacific Biosciences of California, Inc. - Common Stock",NASDAQ
PAGP,"Plains GP Holdings, L.P. - Class A Shares representing limited partner interests",NASDAQ
PAHC,Phibro Animal Health Corporation - Class A Common Stock,NASDAQ
PAL,"Proficient Auto Logistics, Inc. - Common Stock",NASDAQ
PALI,"Palisade Bio, Inc. - Common Stock",NASDAQ
PAMT,PAMT CORP - Common Stock,NASDAQ
PANL,Pangaea Logistics Solutions Ltd. - Common Stock,NASDAQ
PANW,"Palo Alto Networks, Inc. - Common Stock",NASDAQ
PARK,"Park Dental Partners, Inc. - Common Stock",NASDAQ
PASG,"Passage Bio, Inc. - Common Stock",NASDAQ
PASW,"Ping An Biomedical Co., Ltd. - Class A Ordinary Shares",NASDAQ
PATK,"Patrick Industries, Inc. - Common Stock",NASDAQ
PAVM,PAVmed Inc. - Common Stock,NASDAQ
PAVS,Paranovus Entertainment Technology Ltd. - Class A Ordinary Shares,NASDAQ
PAX,Patria Investments Limited - Class A Common Shares,NASDAQ
PAYO,Payoneer Global Inc. - Common Stock,NASDAQ
PAYP,PayPay Corporation - American Depository Shares,NASDAQ
PAYS,"Paysign, Inc. - Common Stock",NASDAQ
PAYX,"Paychex, Inc. - Common Stock",NASDAQ
PBAM,"Private Bancorp of America, Inc. - Common Stock",NASDAQ
PBFS,"Pioneer Bancorp, Inc. - Common Stock",NASDAQ
PBHC,"Pathfinder Bancorp, Inc. - Common Stock",NASDAQ
PBK,PowerBank Corporation - Common Stock,NASDAQ
PBLS,"Parabilis Medicines, Inc. - Common Stock",NASDAQ
PBM,Psyence Biomedical Ltd. - Common Shares,NASDAQ
PBYI,Puma Biotechnology Inc - Common Stock,NASDAQ
PC,Premium Catering (Holdings) Limited - Ordinary Shares,NASDAQ
PCAR,PACCAR Inc. - Common Stock,NASDAQ
PCB,PCB Bancorp - Common Stock,NASDAQ
PCRX,"Pacira BioSciences, Inc. - Common Stock",NASDAQ
PCSA,"Processa Pharmaceuticals, Inc. - Common Stock",NASDAQ
PCT,"PureCycle Technologies, Inc. - Common stock",NASDAQ
PCTY,Paylocity Holding Corporation - Common Stock,NASDAQ
PCVX,"Vaxcyte, Inc. - Common Stock",NASDAQ
PCYO,Pure Cycle Corporation - Common Stock,NASDAQ
PDEX,"Pro-Dex, Inc. - Common Stock",NASDAQ
PDFS,"PDF Solutions, Inc. - Common Stock",NASDAQ
PDLB,"Ponce Financial Group, Inc. - Common Stock",NASDAQ
PDSB,PDS Biotechnology Corporation - Common Stock,NASDAQ
PDYN,Palladyne AI Corp. - Common stock,NASDAQ
PEBK,"Peoples Bancorp of North Carolina, Inc. - Common Stock",NASDAQ
PEBO,Peoples Bancorp Inc. - Common Stock,NASDAQ
PECO,"Phillips Edison & Company, Inc. - Common Stock",NASDAQ
PEGA,Pegasystems Inc. - Common Stock,NASDAQ
PENG,"Penguin Solutions, Inc. - Common Stock",NASDAQ
PENN,"PENN Entertainment, Inc. - Common Stock",NASDAQ
PEP,"PepsiCo, Inc. - Common Stock",NASDAQ
PEPG,PepGen Inc. - Common Stock,NASDAQ
PERI,Perion Network Ltd - Ordinary Shares,NASDAQ
PESI,"Perma-Fix Environmental Services, Inc. - Common Stock",NASDAQ
PETS,"PetMed Express, Inc. - Common Stock",NASDAQ
PETZ,"TDH Holdings, Inc. - Common Shares",NASDAQ
PFAI,Pinnacle Food Group Limited - Class A Common Shares,NASDAQ
PFG,Principal Financial Group Inc - Common Stock,NASDAQ
PFIS,Peoples Financial Services Corp.  - Common Stock,NASDAQ
PFSA,"Profusa, Inc. - Common Stock",NASDAQ
PFX,PhenixFIN Corporation  - Common Stock,NASDAQ
PGC,Peapack-Gladstone Financial Corporation - Common Stock,NASDAQ
PGEN,"Precigen, Inc. - Common Stock",NASDAQ
PGNY,"Progyny, Inc. - Common Stock",NASDAQ
PGY,Pagaya Technologies Ltd. - Class A Ordinary Shares,NASDAQ
PHAR,"Pharming Group N.V. - ADS, each representing 10 ordinary shares",NASDAQ
PHAT,"Phathom Pharmaceuticals, Inc. - Common Stock",NASDAQ
PHIO,Phio Pharmaceuticals Corp. - Common Stock,NASDAQ
PHOE,Phoenix Asia Holdings Limited - Ordinary Shares,NASDAQ
PHUN,"Phunware, Inc. - Common Stock",NASDAQ
PHVS,Pharvaris N.V. - Ordinary Shares,NASDAQ
PI,"Impinj, Inc. - Common Stock",NASDAQ
PICS,PicS N.V. - Class A Common Shares,NASDAQ
PIII,P3 Health Partners Inc. - Class A Common Stock,NASDAQ
PKBK,"Parke Bancorp, Inc. - Common Stock",NASDAQ
PKOH,Park-Ohio Holdings Corp. - Common Stock,NASDAQ
PLAB,"Photronics, Inc. - Common Stock",NASDAQ
PLAY,"Dave & Buster's Entertainment, Inc. - Common Stock",NASDAQ
PLBC,Plumas Bancorp - Common Stock,NASDAQ
PLBL,Polibeli Group Ltd - Class A Ordinary Shares,NASDAQ
PLBY,"Playboy, Inc. - Common Stock",NASDAQ
PLCE,"Children's Place, Inc. (The) - Common Stock",NASDAQ
PLMR,"Palomar Holdings, Inc. - Common stock",NASDAQ
PLPC,Preformed Line Products Company - Common Stock,NASDAQ
PLRX,"Pliant Therapeutics, Inc. - Common Stock",NASDAQ
PLRZ,Polyrizon Ltd. - Ordinary Shares,NASDAQ
PLSE,"Pulse Biosciences, Inc - Common Stock",NASDAQ
PLSM,Pulsenmore Ltd. - Ordinary Shares,NASDAQ
PLTK,Playtika Holding Corp. - Common Stock,NASDAQ
PLTR,Palantir Technologies Inc. - Class A Common Stock,NASDAQ
PLTS,Platinum Analytics Cayman Limited - Class A Ordinary Shares,NASDAQ
PLUG,"Plug Power, Inc. - Common Stock",NASDAQ
PLUR,Pluri Inc. - Common Stock,NASDAQ
PLUS,ePlus inc. - Common Stock,NASDAQ
PLUT,Plutus Financial Group Limited - Ordinary Shares,NASDAQ
PLXS,Plexus Corp. - Common Stock,NASDAQ
PLYX,"Polaryx Therapeutics, Inc. - Common Stock",NASDAQ
PMA,Ming Shing Group Holdings Limited - Ordinary Shares,NASDAQ
PMAX,Powell Max Limited - Class A Ordinary Shares,NASDAQ
PMCB,"PharmaCyte  Biotech, Inc. - Common Stock",NASDAQ
PMEC,Primech Holdings Ltd. - Ordinary Shares,NASDAQ
PMN,ProMIS Neurosciences Inc. - Common Shares,NASDAQ
PMTS,CPI Card Group Inc. - Common Stock,NASDAQ
PMVP,"PMV Pharmaceuticals, Inc. - Common Stock",NASDAQ
PN,PN Smart Energy Limited - Class A Ordinary Shares,NASDAQ
PNBK,Patriot National Bancorp Inc. - Common Stock,NASDAQ
PNRG,PrimeEnergy Resources Corporation - Common Stock,NASDAQ
PNTG,"The Pennant Group, Inc. - Common Stock",NASDAQ
POCI,"Precision Optics Corporation, Inc. - Common stock",NASDAQ
PODC,"PodcastOne, Inc. - Common Stock",NASDAQ
PODD,Insulet Corporation - Common Stock,NASDAQ
POET,POET Technologies Inc. - Common Shares,NASDAQ
POLA,"Polar Power, Inc. - Common Stock",NASDAQ
PONO,"Pono Capital Four, Inc. - Class A Ordinary Shares",NASDAQ
POOL,Pool Corporation - Common Stock,NASDAQ
POWI,"Power Integrations, Inc. - Common Stock",NASDAQ
POWL,"Powell Industries, Inc. - Common Stock",NASDAQ
POWW,Outdoor Holding Company - Common Stock,NASDAQ
PPC,Pilgrim's Pride Corporation - Common Stock,NASDAQ
PPCB,"Propanc Biopharma, Inc. - Common Stock",NASDAQ
PPHC,"Public Policy Holding Company, Inc. - Common Stock",NASDAQ
PPIH,"Perma-Pipe International Holdings, Inc. - Common Stock",NASDAQ
PPLI,People Incorporated - Common Stock,NASDAQ
PPSI,"Pioneer Power Solutions, Inc. - Common Stock",NASDAQ
PPTA,Perpetua Resources Corp. - Common Shares,NASDAQ
PRAA,"PRA Group, Inc. - Common Stock",NASDAQ
PRAX,"Praxis Precision Medicines, Inc. - Common Stock",NASDAQ
PRCH,"Porch Group, Inc. - Common Stock",NASDAQ
PRCT,PROCEPT BioRobotics Corporation - Common Stock,NASDAQ
PRDO,Perdoceo Education Corporation - Common Stock,NASDAQ
PRE,Prenetics Global Limited - Class A Ordinary Share,NASDAQ
PRFX,PRF Technologies Ltd. - Ordinary Shares,NASDAQ
PRGS,Progress Software Corporation - Common Stock,NASDAQ
PRHI,"Presurance Holdings, Inc. - Common Stock",NASDAQ
PRLD,Prelude Therapeutics Incorporated - Common Stock,NASDAQ
PRME,"Prime Medicine, Inc. - Common Stock",NASDAQ
PROF,Profound Medical Corp. - common stock,NASDAQ
PROK,ProKidney Corp. - Class A Ordinary Shares,NASDAQ
PROP,Prairie Operating Co. - Common Stock,NASDAQ
PROV,"Provident Financial Holdings, Inc. - Common Stock",NASDAQ
PRPL,"Purple Innovation, Inc. - Common Stock",NASDAQ
PRPO,"Precipio, Inc. - Common Stock",NASDAQ
PRQR,ProQR Therapeutics N.V. - Ordinary Shares,NASDAQ
PRSO,Peraso Inc. - Common Stock,NASDAQ
PRTA,Prothena Corporation plc - Ordinary Shares,NASDAQ
PRTH,"Priority Technology Holdings, Inc. - Common Stock",NASDAQ
PRTS,"CarParts.com, Inc. - Common Stock",NASDAQ
PRVA,"Privia Health Group, Inc. - Common Stock",NASDAQ
PRZO,ParaZero Technologies Ltd. - Ordinary Shares,NASDAQ
PSHG,Performance Shipping Inc. - Common Shares,NASDAQ
PSIG,PS International Group Ltd. - Ordinary Shares,NASDAQ
PSIX,"Power Solutions International, Inc. - Common Stock",NASDAQ
PSKY,Paramount Skydance Corporation - Class B Common Stock,NASDAQ
PSMT,"PriceSmart, Inc. - Common Stock",NASDAQ
PSNL,"Personalis, Inc. - Common Stock",NASDAQ
PSNY,Polestar Automotive Holding UK Limited - Class A ADS,NASDAQ
PSNYW,Polestar Automotive Holding UK Limited - Class C-1 ADS (ADW),NASDAQ
PSTV,"PLUS THERAPEUTICS, Inc. - Common Stock",NASDAQ
PTC,PTC Inc. - Common Stock,NASDAQ
PTCT,"PTC Therapeutics, Inc. - Common Stock",NASDAQ
PTEN,"Patterson-UTI Energy, Inc. - Common Stock",NASDAQ
PTGX,"Protagonist Therapeutics, Inc. - Common Stock",NASDAQ
PTLE,PTL LTD - Class A Ordinary Shares,NASDAQ
PTLO,Portillo's Inc. - Class A Common Stock,NASDAQ
PTN,"Palatin Technologies, Inc. - Common Stock",NASDAQ
PTON,"Peloton Interactive, Inc. - Common Stock",NASDAQ
PTRN,Pattern Group Inc. - Series A Common Stock,NASDAQ
PUBM,"PubMatic, Inc. - Class A Common Stock",NASDAQ
PULM,"Pulmatrix, Inc. - Common Stock",NASDAQ
PURR,Hyperliquid Strategies Inc - Common Stock,NASDAQ
PUSA,Aureus Greenway Holdings Inc. - Common Stock,NASDAQ
PVLA,"Palvella Therapeutics, Inc. - Common Stock",NASDAQ
PWCM,"PowerCompute, Inc. - Common Stock",NASDAQ
PWP,Perella Weinberg Partners - Class A Common Stock,NASDAQ
PWRL,Powerlaw Corp. - Common Stock,NASDAQ
PXLW,"Pixelworks, Inc. - Common Stock",NASDAQ
PXS,Pyxis Tankers Inc. - Common Stock,NASDAQ
PYPD,PolyPid Ltd. - Ordinary Shares,NASDAQ
PYPL,"PayPal Holdings, Inc. - Common Stock",NASDAQ
PYXS,"Pyxis Oncology, Inc. - Common Stock",NASDAQ
PZZA,"Papa John's International, Inc. - Common Stock",NASDAQ
QBTS,D-Wave Quantum Inc. - Common Stock,NASDAQ
QCLS,"Q/C Technologies, Inc. - Common Stock",NASDAQ
QCOM,QUALCOMM Incorporated - Common Stock,NASDAQ
QCRH,"QCR Holdings, Inc. - Common Stock",NASDAQ
QDEL,QuidelOrtho Corporation - Common Stock,NASDAQ
QH,Quhuo Limited - Class A Ordinary Shares,NASDAQ
QLYS,"Qualys, Inc. - Common Stock",NASDAQ
QMCO,Quantum Corporation - Common Stock,NASDAQ
QMLS,"QumulusAI, Inc. - Common Stock",NASDAQ
QNCX,"Quince Therapeutics, Inc. - Common Stock",NASDAQ
QNST,"QuinStreet, Inc. - Common Stock",NASDAQ
QNT,Quantinuum Inc. - Class A Common Stock,NASDAQ
QNTM,Quantum Biopharma Ltd. - Class B Subordinate Voting Shares,NASDAQ
QRHC,Quest Resource Holding Corporation - Common Stock,NASDAQ
QRVO,"Qorvo, Inc. - Common Stock",NASDAQ
QS,QuantumScape Corporation - Common Stock,NASDAQ
QSI,Quantum-Si Incorporated - Class A Common Stock,NASDAQ
QTEX,QTREX Quantum Ltd. - Ordinary Shares,NASDAQ
QTI,"QT Imaging Holdings, Inc. - Common Stock",NASDAQ
QTRX,Quanterix Corporation - Common Stock,NASDAQ
QTTB,Q32 Bio Inc. - Common Stock,NASDAQ
QUBT,Quantum Computing Inc. - Common Stock,NASDAQ
QUCY,Quantum Cyber N.V. - Ordinary Shares,NASDAQ
QUIK,QuickLogic Corporation - Common Stock,NASDAQ
QURE,uniQure N.V. - Ordinary Shares,NASDAQ
QXL,Quantum X Labs Inc. - Common Stock,NASDAQ
RACC,Research Alliance Corporation III - Class A Ordinary Shares,NASDAQ
RACD,Research Alliance Corporation IV - Class A Ordinary Shares,NASDAQ
RAIL,"Freightcar America, Inc. - Common Stock",NASDAQ
RAIN,"Rain Enhancement Technologies Holdco, Inc. - Class A Common Stock",NASDAQ
RANI,"Rani Therapeutics Holdings, Inc. - Class A Common Stock",NASDAQ
RAPP,"Rapport Therapeutics, Inc. - Common Stock",NASDAQ
RARE,Ultragenyx Pharmaceutical Inc. - Common Stock,NASDAQ
RAVE,"Rave Restaurant Group, Inc. - Common Stock",NASDAQ
RAY,Raytech Holding Limited - Ordinary Shares,NASDAQ
RAYA,Erayak Power Solution Group Inc. - Class A Ordinary Shares,NASDAQ
RBB,RBB Bancorp - Common Stock,NASDAQ
RBBN,Ribbon Communications Inc.  - Common Stock,NASDAQ
RBCAA,"Republic Bancorp, Inc. - Class A Common Stock",NASDAQ
RBKB,"Rhinebeck Bancorp, Inc. - Common Stock",NASDAQ
RBNE,Robin Energy Ltd. - Common Stock,NASDAQ
RCAT,"Red Cat Holdings, Inc. - Common Stock",NASDAQ
RCEL,"Avita Medical, Inc. - Common Stock",NASDAQ
RCKT,"Rocket Pharmaceuticals, Inc. - Common Stock",NASDAQ
RCKY,"Rocky Brands, Inc. - Common Stock",NASDAQ
RCMT,"RCM Technologies, Inc. - Common Stock",NASDAQ
RCON,"Recon Technology, Ltd. - Class A Ordinary Shares",NASDAQ
RCT,RedCloud Holdings plc - Ordinary Shares,NASDAQ
RDCM,Radcom Ltd. - Ordinary Shares,NASDAQ
RDGT,"Ridgetech, Inc. - Ordinary Shares",NASDAQ
RDI,Reading International Inc - Class A Non-voting Common Stock,NASDAQ
RDIB,Reading International Inc - Class B Voting Common Stock,NASDAQ
RDNT,"RadNet, Inc. - Common Stock",NASDAQ
RDNW,"RideNow Group, Inc. - Class B Common Stock",NASDAQ
RDVT,"Red Violet, Inc. - Common Stock ",NASDAQ
RDWR,Radware Ltd. - Ordinary Shares,NASDAQ
RDZN,"Roadzen, Inc. - Ordinary Shares",NASDAQ
REAL,"The RealReal, Inc. - Common Stock",NASDAQ
REAX,"The Real Brokerage, Inc. - Common Shares",NASDAQ
REBN,"Reborn Coffee, Inc. - Common Stock",NASDAQ
RECT,Rectitude Holdings Ltd - Ordinary Shares,NASDAQ
REFI,"Chicago Atlantic Real Estate Finance, Inc. - Common Stock",NASDAQ
REFR,Research Frontiers Incorporated - Common Stock,NASDAQ
REG,Regency Centers Corporation - Common Stock,NASDAQ
REGN,"Regeneron Pharmaceuticals, Inc. - Common Stock",NASDAQ
REKR,"Rekor Systems, Inc. - Common Stock",NASDAQ
RELL,"Richardson Electronics, Ltd. - Common Stock",NASDAQ
RELY,"Remitly Global, Inc. - Common stock",NASDAQ
RENT,"Rent the Runway, Inc. - Class A Common Stock",NASDAQ
RENX,RenX Enterprises Corp. - Common Stock,NASDAQ
REPL,"Replimune Group, Inc. - Common Stock",NASDAQ
RETO,"ReTo Eco-Solutions, Inc. - Class A Shares",NASDAQ
REVB,"Revelation Biosciences, Inc. - Common Stock",NASDAQ
REYN,Reynolds Consumer Products Inc. - Common Stock,NASDAQ
RFIL,"RF Industries, Ltd. - Common Stock",NASDAQ
RGC,Regencell Bioscience Holdings Limited - Ordinary Shares,NASDAQ
RGCO,RGC Resources Inc. - Common Stock,NASDAQ
RGEN,Repligen Corporation - Common Stock,NASDAQ
RGLD,"Royal Gold, Inc. - Common Stock",NASDAQ
RGNX,REGENXBIO Inc. - Common Stock,NASDAQ
RGP,"Resources Connection, Inc. - Common Stock",NASDAQ
RGS,Regis Corporation - Common Stock,NASDAQ
RGTI,"Rigetti Computing, Inc.  - Common stock",NASDAQ
RICK,"RCI Hospitality Holdings, Inc. - Common Stock",NASDAQ
RIGL,"Rigel Pharmaceuticals, Inc. - Common Stock",NASDAQ
RILY,"BRC Group Holdings, Inc. - Common Stock",NASDAQ
RIME,"Algorhythm Holdings, Inc. - Common Stock",NASDAQ
RIOT,"Riot Platforms, Inc. - Common Stock",NASDAQ
RITR,Reitar Logtech Holdings Limited - Ordinary shares,NASDAQ
RIVN,"Rivian Automotive, Inc. - Class A Common Stock",NASDAQ
RJET,Republic Airways Holdings Inc. - Common Stock,NASDAQ
RKDA,"Arcadia Biosciences, Inc. - Common Stock",NASDAQ
RKLB,Rocket Lab Corporation - Common Stock,NASDAQ
RKTO,Rocket One Inc. - Common Stock,NASDAQ
RLAY,"Relay Therapeutics, Inc. - Common Stock",NASDAQ
RLMD,"Relmada Therapeutics, Inc. - Common Stock",NASDAQ
RLYB,Rallybio Corporation - Common Stock,NASDAQ
RMBI,"Richmond Mutual Bancorporation, Inc. - Common Stock",NASDAQ
RMBS,"Rambus, Inc. - Common Stock",NASDAQ
RMCF,"Rocky Mountain Chocolate Factory, Inc. - Common Stock",NASDAQ
RMCO,Royalty Management Holding Corporation - Class A Common Stock,NASDAQ
RMIX,"Suncrete, Inc. - Class A Common Stock",NASDAQ
RMNI,"Rimini Street, Inc. - Common Stock",NASDAQ
RMR,The RMR Group Inc. - Class A Common Stock,NASDAQ
RMSG,Real Messenger Corporation - Ordinary Shares,NASDAQ
RMTI,"Rockwell Medical, Inc. - Common Stock",NASDAQ
RNA,"Atrium Therapeutics, Inc. - Common Stock",NASDAQ
RNAC,"Cartesian Therapeutics, Inc. - Common Stock",NASDAQ
RNAZ,"TransCode Therapeutics, Inc. - Common Stock",NASDAQ
RNTX,"Rein Therapeutics, Inc. - Common Stock",NASDAQ
RNW,ReNew Energy Global plc - Class A Shares,NASDAQ
RNXT,"RenovoRx, Inc. - Common Stock",NASDAQ
ROAD,"Construction Partners, Inc. - Common Stock",NASDAQ
ROC,Rank One Computing Corporation - Common stock,NASDAQ
ROCK,"Gibraltar Industries, Inc. - Common Stock",NASDAQ
ROIV,Roivant Sciences Ltd. - Common Shares,NASDAQ
ROKU,"Roku, Inc. - Class A Common Stock",NASDAQ
ROMA,Roma Green Finance Limited - Class A Ordinary Shares,NASDAQ
ROOT,"Root, Inc. - Common Stock",NASDAQ
ROP,"Roper Technologies, Inc. - Common Stock",NASDAQ
ROST,"Ross Stores, Inc. - Common Stock",NASDAQ
RPAY,Repay Holdings Corporation - Class A Common Stock,NASDAQ
RPD,"Rapid7, Inc. - Common Stock",NASDAQ
RPGL,Republic Power Group Limited - Class A Ordinary Shares,NASDAQ
RPID,"Rapid Micro Biosystems, Inc. - Class A Common Stock",NASDAQ
RPRX,Royalty Pharma plc - Class A Ordinary Shares,NASDAQ
RRBI,"Red River Bancshares, Inc. - Common Stock",NASDAQ
RRGB,"Red Robin Gourmet Burgers, Inc. - Common Stock",NASDAQ
RRR,"Red Rock Resorts, Inc. - Class A Common Stock",NASDAQ
RSSS,"Research Solutions, Inc - Common Stock",NASDAQ
RSVR,"Reservoir Media, Inc.. - Common Stock",NASDAQ
RTB,"RTB Digital, Inc. - Common Stock",NASDAQ
RUBI,Rubico Inc. - Common Stock,NASDAQ
RUM,RUM Group Inc. - Class A Common Stock,NASDAQ
RUN,Sunrun Inc. - Common Stock,NASDAQ
RUSHA,"Rush Enterprises, Inc. - Class A Common Stock",NASDAQ
RUSHB,"Rush Enterprises, Inc. - Class B Common Stock",NASDAQ
RVMD,"Revolution Medicines, Inc. - Common Stock",NASDAQ
RVSB,Riverview Bancorp Inc - Common Stock,NASDAQ
RVSN,Rail Vision Ltd. - Ordinary Shares,NASDAQ
RWAY,Runway Growth Finance Corp. - Common Stock,NASDAQ
RXRX,"Recursion Pharmaceuticals, Inc. - Class A Common Stock",NASDAQ
RXST,"RxSight, Inc. - Common Stock",NASDAQ
RXT,"Rackspace Technology, Inc. - Common Stock",NASDAQ
RYET,Ruanyun Edai Technology Inc. - Ordinary shares,NASDAQ
RYM,"RYTHM, Inc. - Common Stock",NASDAQ
RYOJ,"rYojbaba Co., Ltd. - Common Shares",NASDAQ
RYTM,"Rhythm Pharmaceuticals, Inc. - Common Stock",NASDAQ
RZLT,"Rezolute, Inc. - Common Stock (NV)",NASDAQ
RZLV,Rezolve AI PLC - Ordinary Shares,NASDAQ
SABR,Sabre Corporation - Common Stock,NASDAQ
SABS,"SAB Biotherapeutics, Inc. - Common Stock",NASDAQ
SAFT,"Safety Insurance Group, Inc. - Common Stock",NASDAQ
SAFX,"XCF Global, Inc. - Class A Common Stock",NASDAQ
SAGT,SAGTEC GLOBAL LIMITED - Class A Ordinary shares,NASDAQ
SAIA,"Saia, Inc. - Common Stock",NASDAQ
SAIC,Science Applications International Corporation - Common Stock,NASDAQ
SAIH,SAIHEAT Limited - Class A Ordinary Shares,NASDAQ
SAIL,"SailPoint, Inc. - Common Stock",NASDAQ
SAMG,Silvercrest Asset Management Group Inc. - Common Stock,NASDAQ
SANA,"Sana Biotechnology, Inc. - Common Stock",NASDAQ
SANG,Sangoma Technologies Corporation - Common Shares,NASDAQ
SANM,Sanmina Corporation - Common Stock,NASDAQ
SATL,Satellogic Inc. - Class A Common Stock,NASDAQ
SBAC,SBA Communications Corporation - Class A Common Stock,NASDAQ
SBC,SBC Medical Group Holdings Incorporated - Common Stock,NASDAQ
SBCF,Seacoast Banking Corporation of Florida - Common Stock,NASDAQ
SBET,"Sharplink, Inc. - Common Stock",NASDAQ
SBFG,"SB Financial Group, Inc. - Common Stock",NASDAQ
SBFM,Sunshine Biopharma Inc. - Common stock,NASDAQ
SBGI,"Sinclair, Inc. - Class A Common Stock",NASDAQ
SBLK,Star Bulk Carriers Corp. - Common Shares,NASDAQ
SBRA,"Sabra Health Care REIT, Inc. - Common Stock",NASDAQ
SBUX,Starbucks Corporation - Common Stock,NASDAQ
SCHL,Scholastic Corporation - Common Stock,NASDAQ
SCKT,"Socket Mobile, Inc. - Common Stock",NASDAQ
SCLX,Scilex Holding Company - Common Stock,NASDAQ
SCNX,"Scienture Holdings, Inc. - Common Stock",NASDAQ
SCOR,"comScore, Inc. - Common Stock",NASDAQ
SCPQ,Social Commerce Partners Corporation - Class A Ordinary Shares,NASDAQ
SCSC,"ScanSource, Inc. - Common Stock",NASDAQ
SCTX,Scribe Therapeutics Inc. - Common Stock,NASDAQ
SCWO,374Water Inc. - common stock,NASDAQ
SCYX,"SCYNEXIS, Inc. - Common Stock",NASDAQ
SCZM,Santacruz Silver Mining Ltd. - Common Shares,NASDAQ
SDA,SunCar Technology Group Inc. - Ordinary Shares,NASDAQ
SDGR,"Schrodinger, Inc. - Common Stock",NASDAQ
SDOT,Sadot Group Inc. - Common Stock,NASDAQ
SDST,Stardust Power Inc. - Common Stock,NASDAQ
SEAT,Vivid Seats Inc. - Class A common stock,NASDAQ
SEDG,"SolarEdge Technologies, Inc. - Common Stock",NASDAQ
SEED,Origin Agritech Limited - Ordinary Shares,NASDAQ
SEER,"Seer, Inc. - Class A Common Stock",NASDAQ
SEIC,SEI Investments Company - Common Stock,NASDAQ
SELF,"Global Self Storage, Inc. - Common Stock",NASDAQ
SENEA,Seneca Foods Corp. - Class A Common Stock,NASDAQ
SENEB,Seneca Foods Corp. - Class B Common Stock,NASDAQ
SENS,"Senseonics Holdings, Inc. - Common Stock",NASDAQ
SEPN,"Septerna, Inc. - Common Stock",NASDAQ
SERA,"Sera Prognostics, Inc. - Class A Common Stock",NASDAQ
SERV,Serve Robotics Inc. - Common Stock,NASDAQ
SEV,Aptera Motors Corp. - Class B Common Stock,NASDAQ
SEVN,Seven Hills Realty Trust  - Common Stock,NASDAQ
SEZL,Sezzle Inc. - Common Stock,NASDAQ
SFBC,"Sound Financial Bancorp, Inc. - Common Stock",NASDAQ
SFD,"Smithfield Foods, Inc. - Common Stock",NASDAQ
SFHG,Samfine Creation Holdings Group Limited - Class A Ordinary Share,NASDAQ
SFIX,"Stitch Fix, Inc. - Class A Common Stock",NASDAQ
SFM,"Sprouts Farmers Market, Inc. - Common Stock",NASDAQ
SFNC,Simmons First National Corporation - Common Stock,NASDAQ
SFST,"Southern First Bancshares, Inc. - Common Stock",NASDAQ
SFWL,Shengfeng Development Limited - Class A Ordinary Shares,NASDAQ
SGA,"Saga Communications, Inc. - Class A Common Stock",NASDAQ
SGC,"Superior Group of Companies, Inc. - Common Stock",NASDAQ
SGHT,"Sight Sciences, Inc. - Common Stock",NASDAQ
SGLY,Singularity Future Technology Ltd. - Common Stock,NASDAQ
SGML,Sigma Lithium Corporation - common shares,NASDAQ
SGMT,Sagimet Biosciences Inc. - Series A Common Stock,NASDAQ
SGP,"SpyGlass Pharma, Inc. - Common Stock",NASDAQ
SGRY,"Surgery Partners, Inc. - Common Stock",NASDAQ
SHAZ,"SharonAI Holdings, Inc. - Class A Common Stock",NASDAQ
SHBI,"Shore Bancshares, Inc. - Common Stock",NASDAQ
SHC,Sotera Health Company - Common Stock,NASDAQ
SHEN,Shenandoah Telecommunications Co - Common Stock,NASDAQ
SHFS,"SHF Holdings, Inc. - Class A Common Stock",NASDAQ
SHIM,Shimmick Corporation - Common Stock,NASDAQ
SHIP,Seanergy Maritime Holdings Corp. - Common Stock,NASDAQ
SHLS,"Shoals Technologies Group, Inc. - Class A Common Stock",NASDAQ
SHMD,SCHMID Group N.V. - Class A Ordinary Shares,NASDAQ
SHOE,"Shoe Station Group, Inc. - Common Stock",NASDAQ
SHOO,"Steven Madden, Ltd. - Common Stock",NASDAQ
SHOP,Shopify Inc. - Class A Subordinate Voting Shares,NASDAQ
SHOT,RMG ML Sports Holdings - Class A Ordinary Shares,NASDAQ
SHPH,"Shuttle Pharmaceuticals Holdings, Inc. - common stock",NASDAQ
SIBN,"SI-BONE, Inc. - Common Stock",NASDAQ
SIDU,"Sidus Space, Inc. - Class A Common Stock",NASDAQ
SIEB,Siebert Financial Corp. - Common Stock,NASDAQ
SIFY,Sify Technologies Limited - American Depository Shares,NASDAQ
SIGA,SIGA Technologies Inc. - Common Stock,NASDAQ
SIGI,"Selective Insurance Group, Inc. - Common Stock",NASDAQ
SILC,Silicom Ltd - Ordinary Shares,NASDAQ
SILO,"Silo Pharma, Inc. - Common Stock",NASDAQ
SINT,"SiNtx Technologies, Inc. - Common Stock",NASDAQ
SION,"Sionna Therapeutics, Inc. - Common Stock",NASDAQ
SIRI,SiriusXM Holdings Inc. - Common Stock,NASDAQ
SITM,SiTime Corporation - Common Stock,NASDAQ
SJ,Scienjoy Holding Corporation - Class A Ordinary Shares,NASDAQ
SKIN,SkinHealth Systems Inc. - Class A Common Stock,NASDAQ
SKK,SKK Holdings Limited - Class A Ordinary Shares,NASDAQ
SKWD,"Skyward Specialty Insurance Group, Inc. - Common Stock",NASDAQ
SKYA,"SkyAI, Inc. - Common Stock",NASDAQ
SKYE,"Skye Bioscience, Inc. - Common Stock",NASDAQ
SKYQ,Sky Quarry Inc. - Common Stock,NASDAQ
SKYT,"SkyWater Technology, Inc. - Common Stock",NASDAQ
SKYW,"SkyWest, Inc. - Common Stock",NASDAQ
SKYX,SKYX Platforms Corp. - Common Stock,NASDAQ
SLAB,"Silicon Laboratories, Inc. - Common Stock",NASDAQ
SLBT,SL Science Holding Limited - Ordinary Shares,NASDAQ
SLDB,Solid Biosciences Inc. - Common Stock,NASDAQ
SLDE,"Slide Insurance Holdings, Inc. - Common Stock",NASDAQ
SLDP,"Solid Power, Inc. - Class A Common Stock",NASDAQ
SLE,"Super League Enterprise, Inc. - Common Stock",NASDAQ
SLGB,Smart Logistics Global Limited - Class A Ordinary Shares,NASDAQ
SLGL,Sol-Gel Technologies Ltd. - Ordinary Shares,NASDAQ
SLM,SLM Corporation - Common Stock,NASDAQ
SLMT,Brera Holdings PLC - Class B Ordinary Shares,NASDAQ
SLN,Silence Therapeutics Plc - American Depository Share,NASDAQ
SLNG,"Stabilis Solutions, Inc. - Common Stock",NASDAQ
SLNH,"Soluna Holdings, Inc. - Common Stock",NASDAQ
SLP,"Simulations Plus, Inc. - Common Stock",NASDAQ
SLS,"SELLAS Life Sciences Group, Inc.  - Common Stock",NASDAQ
SLSN,"Solesence, Inc. - Common stock",NASDAQ
SLXN,Silexion Therapeutics Corp - Ordinary Shares,NASDAQ
SMBC,"Southern Missouri Bancorp, Inc. - Common Stock",NASDAQ
SMCI,"Super Micro Computer, Inc. - Common Stock",NASDAQ
SMID,Smith-Midland Corporation - Common Stock,NASDAQ
SMMT,Summit Therapeutics Inc.  - Common Stock,NASDAQ
SMPL,The Simply Good Foods Company - Common Stock,NASDAQ
SMSI,"Smith Micro Software, Inc. - Common Stock",NASDAQ
SMTC,Semtech Corporation - Common Stock,NASDAQ
SMTI,Sanara MedTech Inc. - Common Stock,NASDAQ
SMTK,"SmartKem, Inc. - Common Stock",NASDAQ
SMX,SMX (Security Matters) Public Limited Company - Ordinary Shares,NASDAQ
SMXT,Solarmax Technology Inc. - Common Stock,NASDAQ
SNAL,"Snail, Inc. - Class A Common Stock",NASDAQ
SND,"Smart Sand, Inc. - Common Stock",NASDAQ
SNDK,Sandisk Corporation - Common Stock When-Issued,NASDAQ
SNDL,SNDL Inc. - Common Shares,NASDAQ
SNDX,"Syndax Pharmaceuticals, Inc. - Common Stock",NASDAQ
SNES,"SenesTech, Inc. - Common Stock",NASDAQ
SNEX,StoneX Group Inc. - Common Stock,NASDAQ
SNFCA,Security National Financial Corporation - Class A Common Stock,NASDAQ
SNGX,"Soligenix, Inc. - Common Stock",NASDAQ
SNOA,"Sonoma Pharmaceuticals, Inc. - Common Stock",NASDAQ
SNPS,"Synopsys, Inc. - Common Stock",NASDAQ
SNT,Senstar Technologies Corporation - Common Shares,NASDAQ
SNTG,Sentage Holdings Inc. - Class A Ordinary Shares,NASDAQ
SNTI,"Senti Biosciences Holdings, Inc. - Common Stock",NASDAQ
SNWV,"SANUWAVE Health, Inc. - Common Stock",NASDAQ
SNYR,Synergy CHC Corp. - Common Stock,NASDAQ
SOBR,"SOBR Safe, Inc. - Common Stock",NASDAQ
SOFI,"SoFi Technologies, Inc.  - Common Stock",NASDAQ
SOLS,Solstice Advanced Materials Inc. - Common Stock,NASDAQ
SONM,"DNA X, Inc. - Common Stock",NASDAQ
SONO,"Sonos, Inc. - Common Stock",NASDAQ
SOPH,SOPHiA GENETICS SA - Ordinary Shares,NASDAQ
SORA,AsiaStrategy - Ordinary Shares,NASDAQ
SOTK,Sono-Tek Corporation - Common Stock,NASDAQ
SOUN,"SoundHound AI, Inc. - Class A Common Stock",NASDAQ
SOWG,Sow Good Inc. - Common Stock,NASDAQ
SPAI,Safe Pro Group Inc. - Common Stock,NASDAQ
SPCB,"SuperCom, Ltd. - Ordinary Shares",NASDAQ
SPCX,Space Exploration Technologies Corp. - Class A Common Stock,NASDAQ
SPFI,"South Plains Financial, Inc. - Common Stock",NASDAQ
SPHL,Springview Holdings Ltd - Ordinary shares,NASDAQ
SPOK,"Spok Holdings, Inc. - Common Stock",NASDAQ
SPPL,SIMPPLE LTD. - Ordinary Shares,NASDAQ
SPRB,"Spruce Biosciences, Inc. - Common Stock",NASDAQ
SPRC,SciSparc Ltd. - Ordinary Shares,NASDAQ
SPRO,"Spero Therapeutics, Inc. - Common Stock",NASDAQ
SPRY,"ARS Pharmaceuticals, Inc. - Common Stock",NASDAQ
SPSC,"SPS Commerce, Inc. - Common Stock",NASDAQ
SPT,"Sprout Social, Inc - Class A Common Stock",NASDAQ
SPTX,"Seaport Therapeutics, Inc. - Common Stock",NASDAQ
SPWH,"Sportsman's Warehouse Holdings, Inc. - Common Stock",NASDAQ
SPWR,SunPower Inc. - Common Stock,NASDAQ
SQFT,"Presidio Property Trust, Inc. - Class A Common Stock",NASDAQ
SRAD,Sportradar Group AG - Class A Ordinary Shares,NASDAQ
SRBK,"SR Bancorp, Inc. - Common stock",NASDAQ
SRCE,1st Source Corporation - Common Stock,NASDAQ
SRPT,"Sarepta Therapeutics, Inc. - Common Stock",NASDAQ
SRRK,Scholar Rock Holding Corporation - Common Stock,NASDAQ
SRTA,"Strata Critical Medical, Inc. - Class A Common Stock",NASDAQ
SRTS,"Sensus Healthcare, Inc. - Common Stock",NASDAQ
SRZN,"Surrozen, Inc. - Common Stock",NASDAQ
SSBI,Summit State Bank - Common Stock,NASDAQ
SSII,SS Innovations International Inc. - Common Stock,NASDAQ
SSM,Sono Group N.V. - Ordinary Shares,NASDAQ
SSNC,"SS&C Technologies Holdings, Inc. - Common Stock",NASDAQ
SSP,E.W. Scripps Company (The) - Class A Common Stock,NASDAQ
SSRM,SSR Mining Inc. - Common Stock,NASDAQ
SSTI,"SoundThinking, Inc. - Common Stock",NASDAQ
SSYS,"Stratasys, Ltd. - Common Stock",NASDAQ
STAA,STAAR Surgical Company - Common Stock,NASDAQ
STAK,STAK Inc. - Class A Ordinary Shares,NASDAQ
STBA,"S&T Bancorp, Inc. - Common Stock",NASDAQ
STEP,StepStone Group Inc. - Class A Common Stock,NASDAQ
STEX,Streamex Corp. - Common Stock,NASDAQ
STFS,Star Fashion Culture Holdings Limited - Class A Ordinary Shares,NASDAQ
STGW,Stagwell Inc. - Class A Common Stock,NASDAQ
STI,"Solidion Technology, Inc. - Common Stock",NASDAQ
STIM,"Neuronetics, Inc. - Common Stock",NASDAQ
STKE,Sol Strategies Inc. - Common Shares,NASDAQ
STKS,"The ONE Group Hospitality, Inc. - Common Stock",NASDAQ
STLD,"Steel Dynamics, Inc. - Common Stock",NASDAQ
STNE,StoneCo Ltd. - Class A Common Share,NASDAQ
STOK,"Stoke Therapeutics, Inc. - Common Stock",NASDAQ
STRA,"Strategic Education, Inc. - Common Stock",NASDAQ
STRL,"Sterling Infrastructure, Inc. - Common Stock",NASDAQ
STRO,"Sutro Biopharma, Inc. - Common Stock",NASDAQ
STRR,"Star Equity Holdings, Inc. - Common Stock",NASDAQ
STRS,Stratus Properties Inc. - Common Stock,NASDAQ
STRT,STRATTEC SECURITY CORPORATION - Common Stock,NASDAQ
STRZ,Starz Entertainment Corp. - Common Shares,NASDAQ
STTK,"Shattuck Labs, Inc. - Common Stock",NASDAQ
STX,Seagate Technology Holdings PLC - Ordinary Shares (Ireland),NASDAQ
SUGP,SU Group Holdings Limited - Class A Ordinary Shares,NASDAQ
SUIG,Sui Group Holdings Limited - Common Stock,NASDAQ
SUJA,"Suja Life, Inc. - Class A Common Stock",NASDAQ
SUNE,"SUNation Energy, Inc. - Common Stock",NASDAQ
SUNS,"Sunrise Realty Trust, Inc. - Common Stock",NASDAQ
SUPN,"Supernus Pharmaceuticals, Inc. - Common Stock",NASDAQ
SUPX,SuperX AI Technology Limited - Ordinary Shares,NASDAQ
SURG,"SurgePays, Inc. - Common Stock",NASDAQ
SVA,"Sinovac Biotech, Ltd. - Ordinary Shares (Antigua/Barbudo)",NASDAQ
SVCC,Stellar V Capital Corp. - Class A Ordinary Shares,NASDAQ
SVCO,"Silvaco Group, Inc. - Common Stock",NASDAQ
SVRA,"Savara, Inc. - Common Stock",NASDAQ
SWAG,"Stran & Company, Inc. - Common Stock",NASDAQ
SWBI,"Smith & Wesson Brands, Inc. - Common Stock",NASDAQ
SWIM,"Latham Group, Inc. - Common Stock",NASDAQ
SWKS,"Skyworks Solutions, Inc. - Common Stock",NASDAQ
SWMR,"Swarmer, Inc - common stock",NASDAQ
SWVL,Swvl Holdings Corp - Ordinary Shares,NASDAQ
SXTC,"China SXT Pharmaceuticals, Inc. - Class A Ordinary Shares",NASDAQ
SXTP,"60 Degrees Pharmaceuticals, Inc. - Common Stock",NASDAQ
SY,So-Young International Inc. - American Depository Shares,NASDAQ
SYBT,"Stock Yards Bancorp, Inc. - Common Stock",NASDAQ
SYM,Symbotic Inc. - Class A Common Stock,NASDAQ
SYNA,Synaptics Incorporated - Common Stock,NASDAQ
SYPR,"Sypris Solutions, Inc. - Common Stock",NASDAQ
SYRE,"Spyre Therapeutics, Inc. - Common Stock",NASDAQ
TACT,TransAct Technologies Incorporated - Common Stock,NASDAQ
TALK,"Talkspace, Inc. - Common Stock",NASDAQ
TANH,Tantech Holdings Ltd. - Class A Common Shares,NASDAQ
TAOP,Taoping Inc. - Ordinary Shares,NASDAQ
TAOX,Tao Synergies Inc. - Common Stock,NASDAQ
TARA,"Protara Therapeutics, Inc.  - Common Stock",NASDAQ
TARS,"Tarsus Pharmaceuticals, Inc. - Common Stock",NASDAQ
TASK,"TaskUs, Inc. - Class A Common Stock",NASDAQ
TATT,TAT Technologies Ltd. - Ordinary Shares,NASDAQ
TAYD,"Taylor Devices, Inc. - Common Stock",NASDAQ
TBBK,"The Bancorp, Inc. - Common Stock",NASDAQ
TBCH,Turtle Beach Corporation - Common Stock,NASDAQ
TBLA,Taboola.com Ltd. - Ordinary Shares,NASDAQ
TBPH,"Theravance Biopharma, Inc. - Ordinary Shares",NASDAQ
TCBI,"Texas Capital Bancshares, Inc. - Common Stock",NASDAQ
TCBK,TriCo Bancshares - Common Stock,NASDAQ
TCMD,"Tactile Systems Technology, Inc. - Common Stock",NASDAQ
TCRT,"Alaunos Therapeutics, Inc. - Common Stock",NASDAQ
TCRX,"TScan Therapeutics, Inc. - Common Stock",NASDAQ
TCX,Tucows Inc. - Common Stock,NASDAQ
TDIC,Dreamland Limited - Class A Ordinary Shares,NASDAQ
TDTH,Trident Digital Tech Holdings Ltd - Class B Ordinary Shares,NASDAQ
TDUP,ThredUp Inc. - Class A Common Stock,NASDAQ
TEAD,Teads Holding Co. - Common Stock,NASDAQ
TEAM,Atlassian Corporation  - Class A Common Stock,NASDAQ
TECH,Bio-Techne Corp - Common Stock,NASDAQ
TECX,"Tectonic Therapeutic, Inc. - Common Stock",NASDAQ
TELA,"TELA Bio, Inc. - Common stock",NASDAQ
TELO,"Telomir Pharmaceuticals, Inc. - Common Stock",NASDAQ
TEM,"Tempus AI, Inc. - Class A Common Stock",NASDAQ
TENB,"Tenable Holdings, Inc. - Common Stock",NASDAQ
TENX,"Tenax Therapeutics, Inc. - Common Stock",NASDAQ
TER,"Teradyne, Inc. - Common Stock",NASDAQ
TFSL,TFS Financial Corporation - Common Stock,NASDAQ
TGHL,The GrowHub Limited - Class A Ordinary Shares,NASDAQ
TGL,Treasure Global Inc. - Common Stock,NASDAQ
TGTX,"TG Therapeutics, Inc. - Common Stock",NASDAQ
TH,Target Hospitality Corp. - Common Stock,NASDAQ
THCH,TH International Limited - Ordinary shares,NASDAQ
THFF,First Financial Corporation  - Common Stock,NASDAQ
THH,TryHard Holdings Limited - Ordinary Shares,NASDAQ
THRM,Gentherm Inc - Common Stock,NASDAQ
THRY,"Thryv Holdings, Inc. - Common Stock",NASDAQ
TIGO,Millicom International Cellular S.A. - Common Stock,NASDAQ
TIL,"Instil Bio, Inc. - Common Stock",NASDAQ
TILE,"Interface, Inc. - Common Stock",NASDAQ
TIPT,Tiptree Inc. - Common Stock,NASDAQ
TITN,Titan Machinery Inc. - Common Stock,NASDAQ
TJGC,TJGC Group Limited - ordinary shares,NASDAQ
TKNO,"Alpha Teknova, Inc. - Common Stock",NASDAQ
TLF,"Tandy Leather Factory, Inc. - common stock",NASDAQ
TLIH,Ten-League International Holdings Limited - Ordinary Shares,NASDAQ
TLN,Talen Energy Corporation - Common Stock,NASDAQ
TLNC,Talon Capital Corp. - Class A Ordinary Shares,NASDAQ
TLPH,"Talphera, Inc. - Common Stock",NASDAQ
TLRY,"Tilray Brands, Inc. - Common Stock",NASDAQ
TLS,Telos Corporation - Common Stock,NASDAQ
TLSA,Tiziana Life Sciences Ltd - Common Shares,NASDAQ
TLSI,"TriSalus Life Sciences, Inc. - Common Stock",NASDAQ
TMC,TMC the metals company Inc. - Common Stock,NASDAQ
TMCI,"Treace Medical Concepts, Inc. - Common Stock",NASDAQ
TMCR,The Metals Royalty Company Inc. - Common Stock,NASDAQ
TMDX,"TransMedics Group, Inc. - Common Stock",NASDAQ
TMS,Teamshares Inc. - Common Stock,NASDAQ
TMUS,"T-Mobile US, Inc. - Common Stock",NASDAQ
TNDM,"Tandem Diabetes Care, Inc. - Common Stock",NASDAQ
TNGX,"Tango Therapeutics, Inc. - Common Stock",NASDAQ
TNMG,TNL Mediagene - Ordinary Shares,NASDAQ
TNON,"Tenon Medical, Inc. - Common Stock",NASDAQ
TNXP,Tonix Pharmaceuticals Holding Corp. - Common Stock,NASDAQ
TNYA,"Tenaya Therapeutics, Inc. - Common Stock",NASDAQ
TOI,"The Oncology Institute, Inc. - Common Stock",NASDAQ
TOMZ,"TOMI Environmental Solutions, Inc. - Common Stock",NASDAQ
TONX,TON Strategy Company - Common Stock,NASDAQ
TOP,TOP Financial Group Limited - Class A Ordinary Shares,NASDAQ
TORO,Toro Corp. - Common stock,NASDAQ
TOWN,Towne Bank - Common Stock,NASDAQ
TOYO,"TOYO Co., Ltd - Ordinary Shares",NASDAQ
TPCS,TechPrecision Corporation - Common stock,NASDAQ
TPG,TPG Inc. - Class A Common Stock,NASDAQ
TPST,"Tempest Therapeutics, Inc. - Common Stock",NASDAQ
TRAW,"Traws Pharma, Inc. - Common Stock",NASDAQ
TRAX,"First Tracks Biotherapeutics, Inc. - Ordinary Shares",NASDAQ
TRDA,"Entrada Therapeutics, Inc. - Common Stock",NASDAQ
TREE,"LendingTree, Inc. - Common Stock",NASDAQ
TRI,Thomson Reuters Corp - Common Shares,NASDAQ
TRIP,"TripAdvisor, Inc. - Common Stock",NASDAQ
TRMB,Trimble Inc. - Common Stock,NASDAQ
TRMD,TORM plc - Class A Common Stock,NASDAQ
TRMK,Trustmark Corporation - Common Stock,NASDAQ
TRNR,Interactive Strength Inc. - Common Stock,NASDAQ
TRNS,"Transcat, Inc. - Common Stock",NASDAQ
TRON,Tron Inc. - Common Stock,NASDAQ
TROO,"TROOPS, Inc.  - Ordinary Shares",NASDAQ
TROW,"T. Rowe Price Group, Inc. - Common Stock",NASDAQ
TRS,TriMas Corporation - Common Stock,NASDAQ
TRSG,Tungray Technologies Inc - Class A Ordinary Shares,NASDAQ
TRST,TrustCo Bank Corp NY - Common Stock,NASDAQ
TRUG,"TruGolf Holdings, Inc. - Class A Common Stock",NASDAQ
TRUP,"Trupanion, Inc. - Common Stock",NASDAQ
TRVI,"Trevi Therapeutics, Inc. - Common Stock",NASDAQ
TSAT,Telesat Corporation - Class A Common Shares and Class B Variable Voting Shares,NASDAQ
TSBK,"Timberland Bancorp, Inc. - Common Stock",NASDAQ
TSCO,Tractor Supply Company - Common Stock,NASDAQ
TSEM,Tower Semiconductor Ltd. - Ordinary Shares,NASDAQ
TSHA,"Taysha Gene Therapies, Inc. - Common Stock",NASDAQ
TSLA,"Tesla, Inc.  - Common Stock",NASDAQ
TSSI,"TSS, Inc. - Common Stock",NASDAQ
TTAN,"ServiceTitan, Inc. - Class A Common Stock",NASDAQ
TTD,"The Trade Desk, Inc. - Class A Common Stock",NASDAQ
TTEC,"TTEC Holdings, Inc. - Common Stock",NASDAQ
TTEK,"Tetra Tech, Inc. - Common Stock",NASDAQ
TTGT,"TechTarget, Inc. - Common Stock",NASDAQ
TTMI,"TTM Technologies, Inc. - Common Stock",NASDAQ
TTRX,Turn Therapeutics Inc. - Common Stock,NASDAQ
TTWO,"Take-Two Interactive Software, Inc. - Common Stock",NASDAQ
TULP,"Bloomia Holdings, Inc. - Common Stock",NASDAQ
TUSK,"Mammoth Energy Services, Inc. - Common Stock",NASDAQ
TVGN,Tevogen Inc. - Common Stock,NASDAQ
TVRD,"Tvardi Therapeutics, Inc. - Common Stock",NASDAQ
TVTX,"Travere Therapeutics, Inc. - Common Stock",NASDAQ
TW,Tradeweb Markets Inc. - Class A Common Stock,NASDAQ
TWAV,"TaoWeave, Inc. - Common Stock",NASDAQ
TWFG,"TWFG, Inc. - Common Stock",NASDAQ
TWG,Top Wealth Group Holding Limited - Class A Ordinary Shares,NASDAQ
TWIN,"Twin Disc, Incorporated - Common Stock",NASDAQ
TWLV,Twelve Seas Investment Company III - Class A Ordinary Shares,NASDAQ
TWST,Twist Bioscience Corporation - Common Stock,NASDAQ
TXG,"10x Genomics, Inc. - Common Stock",NASDAQ
TXMD,"TherapeuticsMD, Inc. - Common Stock",NASDAQ
TXN,Texas Instruments Incorporated - Common Stock,NASDAQ
TXRH,"Texas Roadhouse, Inc. - Common Stock",NASDAQ
TYGO,"Tigo Energy, Inc. - Common Stock",NASDAQ
TYRA,"Tyra Biosciences, Inc. - Common Stock",NASDAQ
TZOO,Travelzoo - Common Stock,NASDAQ
UCAR,U Power Limited - Class A Ordinary Shares,NASDAQ
UCFI,CN Healthy Food Tech Group Corp. - Common Stock,NASDAQ
UCTT,"Ultra Clean Holdings, Inc. - Common Stock",NASDAQ
UEIC,Universal Electronics Inc. - Common Stock,NASDAQ
UFG,Uni-Fuels Holdings Limited - Class A Ordinary Shares,NASDAQ
UFPI,"UFP Industries, Inc. - Common Stock",NASDAQ
UFPT,"UFP Technologies, Inc. - Common Stock",NASDAQ
UK,Ucommune International Ltd  - Class A Ordinary Shares,NASDAQ
ULBI,Ultralife Corporation - Common Stock,NASDAQ
ULCC,"Frontier Group Holdings, Inc. - Common Stock",NASDAQ
ULH,"Universal Logistics Holdings, Inc. - Common Stock",NASDAQ
ULTA,"Ulta Beauty, Inc. - Common Stock",NASDAQ
UMBF,UMB Financial Corporation - Common Stock,NASDAQ
UNB,"Union Bankshares, Inc. - Common Stock",NASDAQ
UNCY,"Unicycive Therapeutics, Inc. - Common Stock",NASDAQ
UONE,"Urban One, Inc.  - Class A Common Stock",NASDAQ
UONEK,"Urban One, Inc.  - Class D Common Stock",NASDAQ
UPB,"Upstream Bio, Inc. - Common Stock",NASDAQ
UPBD,"Upbound Group, Inc. - Common Stock",NASDAQ
UPC,Universe Pharmaceuticals Inc - Class A Ordinary Shares,NASDAQ
UPLD,"Upland Software, Inc. - Common Stock",NASDAQ
UPST,"Upstart Holdings, Inc. - Common stock",NASDAQ
UPWK,Upwork Inc. - Common Stock,NASDAQ
UPXI,"Upexi, Inc. - Common Stock",NASDAQ
URBN,"Urban Outfitters, Inc. - Common Stock",NASDAQ
URGN,UroGen Pharma Ltd. - Ordinary Shares,NASDAQ
UROY,Uranium Royalty Corp. - Common Stock,NASDAQ
USAR,"USA Rare Earth, Inc. - Common Stock",NASDAQ
USAU,U.S. Gold Corp. - Common Stock,NASDAQ
USCB,"USCB Financial Holdings, Inc.  - Class A Common Stock",NASDAQ
USDE,StablecoinX Inc. - Class A Common Stock,NASDAQ
USGO,U.S. GoldMining Inc. - Common stock,NASDAQ
USIO,"Usio, Inc. - Common Stock",NASDAQ
UTMD,"Utah Medical Products, Inc. - Common Stock",NASDAQ
UTSI,UTStarcom Holdings Corp - Ordinary Shares,NASDAQ
UVSP,Univest Financial Corporation - Common Stock,NASDAQ
UZX,Linkage Global Inc - Class A Ordinary Shares,NASDAQ
VABK,Virginia National Bankshares Corporation - Common Stock,NASDAQ
VALU,"Value Line, Inc. - Common Stock",NASDAQ
VANI,"Vivani Medical, Inc.  - Common Stock",NASDAQ
VBIO,"Valion Bio, Inc. - Common stock",NASDAQ
VBNK,VersaBank - Common Shares,NASDAQ
VC,Visteon Corporation - Common Stock,NASDAQ
VCEL,Vericel Corporation - Common Stock,NASDAQ
VCIG,VCI Global Limited - Ordinary Share,NASDAQ
VCTR,"Victory Capital Holdings, Inc. - Common Stock",NASDAQ
VCYT,"Veracyte, Inc. - Common Stock",NASDAQ
VECO,Veeco Instruments Inc. - Common Stock,NASDAQ
VEEA,Veea Inc. - Common Stock,NASDAQ
VEEE,Twin Vee PowerCats Co. - Common Stock,NASDAQ
VELO,"Velo3D, Inc. - Common stock",NASDAQ
VERA,"Vera Therapeutics, Inc. - Class A Common Stock",NASDAQ
VERI,"Veritone, Inc. - Common Stock",NASDAQ
VERU,Veru Inc. - Common Stock,NASDAQ
VERX,"Vertex, Inc. - Class A Common Stock",NASDAQ
VFF,"Village Farms International, Inc. - Common Shares",NASDAQ
VFS,VinFast Auto Ltd. - Ordinary Shares,NASDAQ
VGAS,"Verde Clean Fuels, Inc. - Class A Common Stock",NASDAQ
VHC,VirnetX Holding Corp - Common Stock,NASDAQ
VHCP,Vine Hill Capital Investment Corp. II - Class A Ordinary Shares,NASDAQ
VHUB,"VenHub Global, Inc. - Common Stock",NASDAQ
VIAV,Viavi Solutions Inc. - Common Stock,NASDAQ
VICR,Vicor Corporation - Common Stock,NASDAQ
VINP,Vinci Compass Investments Ltd. - Class A Common Shares,NASDAQ
VIP,Vulcan Infrastructure and Power Inc. - Class A Common Stock,NASDAQ
VIR,"Vir Biotechnology, Inc. - Common Stock",NASDAQ
VIRC,Virco Manufacturing Corporation - Common Stock,NASDAQ
VISN,"Vistance Networks, Inc.  - Common Stock",NASDAQ
VITL,"Vital Farms, Inc. - Common Stock",NASDAQ
VIVK,"Vivakor, Inc. - Common Stock",NASDAQ
VIVO,VivoPower PLC - Class A Ordinary Shares,NASDAQ
VIVS,"VivoSim Labs, Inc. - Common Stock",NASDAQ
VKTX,"Viking Therapeutics, Inc. - Common Stock",NASDAQ
VLGEA,"Village Super Market, Inc. - Class A Common Stock",NASDAQ
VLY,Valley National Bancorp - Common Stock,NASDAQ
VMAR,Vision Marine Technologies Inc. - Common Shares,NASDAQ
VMD,"Viemed Healthcare, Inc. - Common Shares",NASDAQ
VMET,Versamet Royalties Corporation - Common Stock,NASDAQ
VNCE,Vince Holding Corp. - Common Stock,NASDAQ
VNDA,Vanda Pharmaceuticals Inc. - Common Stock,NASDAQ
VNOM,"Viper Energy, Inc.  - Class A Common Stock",NASDAQ
VOR,Vor Biopharma Inc. - Common Stock,NASDAQ
VOXR,Vox Royalty Corp. - common stock,NASDAQ
VRA,"Vera Bradley, Inc. - Common Stock",NASDAQ
VRAX,Virax Biolabs Group Limited - Ordinary Shares,NASDAQ
VRCA,Verrica Pharmaceuticals Inc. - Common Stock,NASDAQ
VRDN,"Viridian Therapeutics, Inc.  - Common Stock",NASDAQ
VREX,Varex Imaging Corporation - Common Stock,NASDAQ
VRM,"Vroom, Inc. - Common Stock",NASDAQ
VRME,"VerifyMe, Inc. - Common Stock",NASDAQ
VRNS,"Varonis Systems, Inc. - Common Stock",NASDAQ
VRRM,Verra Mobility Corporation - Class A Common Stock,NASDAQ
VRSK,"Verisk Analytics, Inc. - Common Stock",NASDAQ
VRSN,"VeriSign, Inc. - Common Stock",NASDAQ
VRTX,Vertex Pharmaceuticals Incorporated - Common Stock,NASDAQ
VRXA,Veraxa Biotech AG - Ordinary Shares,NASDAQ
VS,Versus Systems Inc. - Common Stock,NASDAQ
VSAT,"ViaSat, Inc. - Common Stock",NASDAQ
VSEC,VSE Corporation - Common Stock,NASDAQ
VSEE,"VSee Health, Inc. - Common Stock",NASDAQ
VSME,VS Media Holdings Limited - Class A Ordinary Shares,NASDAQ
VSNT,"Versant Media Group, Inc. - Class A Common Stock",NASDAQ
VSTM,"Verastem, Inc. - Common Stock",NASDAQ
VTGN,"Vistagen Therapeutics, Inc. - Common Stock",NASDAQ
VTIX,Virtuix Holdings Inc. - Class A Common Stock,NASDAQ
VTRS,Viatris Inc. - Common Stock,NASDAQ
VTSI,"VirTra, Inc. - Common Stock",NASDAQ
VTVT,vTv Therapeutics Inc. - Class A Common Stock,NASDAQ
VUZI,Vuzix Corporation  - Common Stock,NASDAQ
VVOS,"Vivos Therapeutics, Inc. - Common Stock",NASDAQ
VWAV,"VisionWave Holdings, Inc. - Common Stock",NASDAQ
VYGR,"Voyager Therapeutics, Inc. - Common Stock",NASDAQ
WABC,Westamerica Bancorporation - Common Stock,NASDAQ
WAFD,"WaFd, Inc. - Common Stock",NASDAQ
WAFU,Wah Fu Education Group Limited - Ordinary Shares,NASDAQ
WALD,Waldencast plc - Class A Ordinary Share,NASDAQ
WASH,"Washington Trust Bancorp, Inc. - Common Stock",NASDAQ
WATT,Energous Corporation - Common Stock,NASDAQ
WAY,Waystar Holding Corp. - Common Stock,NASDAQ
WBD,"Warner Bros. Discovery, Inc. - Series A Common Stock",NASDAQ
WBTN,WEBTOON Entertainment Inc. - Common stock,NASDAQ
WBUY,WEBUY GLOBAL LTD. - Class A Ordinary Shares,NASDAQ
WCT,Wellchange Holdings Company Limited - Class A Ordinary shares,NASDAQ
WDAY,"Workday, Inc. - Class A Common Stock",NASDAQ
WDC,Western Digital Corporation - Common Stock,NASDAQ
WDFC,WD-40 Company - Common Stock,NASDAQ
WEN,Wendy's Company (The) - Common Stock,NASDAQ
WERN,"Werner Enterprises, Inc. - Common Stock",NASDAQ
WEST,Westrock Coffee Company - Common Stock,NASDAQ
WETH,Wetouch Technology Inc. - Common Stock,NASDAQ
WETO,Wetour Robotics Limited - Ordinary Shares,NASDAQ
WEYS,"Weyco Group, Inc. - Common Stock",NASDAQ
WFCF,"Where Food Comes From, Inc. - Common Stock",NASDAQ
WFF,WF Holding Limited - Ordinary Shares,NASDAQ
WFRD,Weatherford International plc - Ordinary shares,NASDAQ
WGS,GeneDx Holdings Corp. - Class A Common Stock,NASDAQ
WHLR,"Wheeler Real Estate Investment Trust, Inc. - Common Stock",NASDAQ
WHWK,"Whitehawk Therapeutics, Inc. - Common Stock",NASDAQ
WILC,"G. Willi-Food International,  Ltd. - Ordinary Shares",NASDAQ
WIMI,WiMi Hologram Cloud Inc. - Class B Ordinary Shares,NASDAQ
WINA,Winmark Corporation - Common Stock,NASDAQ
WING,Wingstop Inc. - Common Stock,NASDAQ
WIX,Wix.com Ltd. - Ordinary Shares,NASDAQ
WKHS,"Workhorse Group, Inc. - Common Stock",NASDAQ
WKSP,"Worksport, Ltd. - Common Stock",NASDAQ
WLDN,"Willdan Group, Inc. - Common Stock",NASDAQ
WLDS,Wearable Devices Ltd. - Ordinary Share,NASDAQ
WLFC,Willis Lease Finance Corporation - Common Stock,NASDAQ
WLTH,Wealthfront Corporation - Common Stock,NASDAQ
WMG,Warner Music Group Corp. - Class A Common Stock,NASDAQ
WMT,Walmart Inc. - Common Stock,NASDAQ
WNEB,"Western New England Bancorp, Inc. - Common Stock",NASDAQ
WNW,Meiwu Technology Company Limited - Ordinary Shares,NASDAQ
WOK,WORK Medical Technology Group LTD - Class A Ordinary Shares,NASDAQ
WOOF,"Petco Health and Wellness Company, Inc. - Class A Common Stock",NASDAQ
WPRT,Westport Fuel Systems Inc - Common Shares,NASDAQ
WRAP,"Wrap Technologies, Inc. - Common Stock",NASDAQ
WRLD,World Acceptance Corporation - Common Stock,NASDAQ
WSBC,"WesBanco, Inc. - Common Stock",NASDAQ
WSBF,"Waterstone Financial, Inc. - Common Stock",NASDAQ
WSBK,"Winchester Bancorp, Inc. - Common Stock",NASDAQ
WSC,WillScot Holdings Corporation - Class A Common Stock,NASDAQ
WSE,Wise Group plc - Class A Ordinary Shares,NASDAQ
WSFS,WSFS Financial Corporation - Common Stock,NASDAQ
WSHP,WeShop Holdings Limited - Class A Ordinary Shares,NASDAQ
WTBA,West Bancorporation - Common Stock,NASDAQ
WTF,Waton Financial Limited - Ordinary Shares,NASDAQ
WTFC,Wintrust Financial Corporation - Common Stock,NASDAQ
WTW,Willis Towers Watson Public Limited Company - Ordinary Shares,NASDAQ
WULF,TeraWulf Inc. - Common Stock,NASDAQ
WVE,Wave Life Sciences Ltd. - Ordinary Shares,NASDAQ
WVVI,"Willamette Valley Vineyards, Inc. - Common Stock",NASDAQ
WW,"WW International, Inc.  - Common Stock",NASDAQ
WWD,"Woodward, Inc. - Common Stock",NASDAQ
WXM,WF International Limited - Ordinary Shares,NASDAQ
WYFI,"WhiteFiber, Inc. - Ordinary Shares",NASDAQ
WYNN,"Wynn Resorts, Limited - Common Stock",NASDAQ
XAIR,"Beyond Air, Inc. - Common Stock",NASDAQ
XBIO,"Xenetic Biosciences, Inc. - Common Stock",NASDAQ
XBIT,XBiotech Inc. - Common Stock,NASDAQ
XBP,"XBP Global Holdings, Inc. - Common Stock",NASDAQ
XCH,XCHG Limited - ADS,NASDAQ
XCUR,"Exicure, Inc. - Common Stock",NASDAQ
XE,"X-Energy, Inc. - Class A Common Stock",NASDAQ
XEL,Xcel Energy Inc. - Common Stock,NASDAQ
XELB,"Xcel Brands, Inc - Common Stock",NASDAQ
XELLL,"Xcel Energy Inc. - 6.25% Junior Subordinated Notes, Series due 2085",NASDAQ
XENE,Xenon Pharmaceuticals Inc. - Common Shares,NASDAQ
XERS,"Xeris Biopharma Holdings, Inc. - Common Stock",NASDAQ
XFOR,"X4 Pharmaceuticals, Inc. - Common Stock",NASDAQ
XGN,Exagen Inc. - Common Stock,NASDAQ
XHLD,"TEN Holdings, Inc. - Common Stock",NASDAQ
XLO,"Xilio Therapeutics, Inc. - Common Stock",NASDAQ
XMAX,"XMAX, Inc. - Common Stock",NASDAQ
XMTR,"Xometry, Inc. - Class A Common Stock",NASDAQ
XNCR,"Xencor, Inc. - Common Stock",NASDAQ
XNDU,Xanadu Quantum Technologies Limited - Class B Subordinate Voting Shares,NASDAQ
XOS,"Xos, Inc. - Common Stock",NASDAQ
XP,XP Inc. - Class A Common Stock,NASDAQ
XPEL,"XPEL, Inc. - Common Stock",NASDAQ
XPON,Expion360 Inc. - Common Stock,NASDAQ
XRAY,DENTSPLY SIRONA Inc. - Common Stock,NASDAQ
XRTX,XORTX Therapeutics Inc. - Common Shares,NASDAQ
XRX,Xerox Holdings Corporation - Common Stock,NASDAQ
XSLL,Xsolla SPAC 1 - Class A Ordinary Shares,NASDAQ
XTIA,"XTI Aerospace, Inc. Common Stock  - Common Stock",NASDAQ
XWEL,"XWELL, Inc. - Common Stock",NASDAQ
XXII,"22nd Century Group, Inc - Common Stock",NASDAQ
YAAS,Youxin Technology Ltd - Class A Ordinary shares,NASDAQ
YARW,"Yarrow Bioscience, Inc. - Common Stock",NASDAQ
YDDL,One and One Green Technologies. INC - Class A Ordinary Shares,NASDAQ
YDES,YD Bio Limited - Ordinary Shares,NASDAQ
YDKG,Yueda Digital Holding - Class A Ordinary Share,NASDAQ
YHC,LQR House Inc. - Common Stock,NASDAQ
YHGJ,Yunhong Green CTI Ltd. - Common Stock,NASDAQ
YIBO,Planet Image International Limited - Class A Ordinary Shares,NASDAQ
YICC,Yorkville International Capital Corp. - Class A Ordinary Shares,NASDAQ
YJ,Yunji Inc. - American Depository Shares,NASDAQ
YMAT,"J-Star Holding Co., Ltd. - Class A Ordinary Shares",NASDAQ
YORW,The York Water Company - Common Stock,NASDAQ
YSWY,"Yesway, Inc. - Class A Common Stock",NASDAQ
YSXT,"YSX Tech. Co., Ltd  - Class A Ordinary Shares",NASDAQ
YTRA,"Yatra Online, Inc. - Ordinary Shares",NASDAQ
YXT,YXT.COM GROUP HOLDING LIMITED - American Depository Shares,NASDAQ
YYAI,AiRWA Inc. - Common Stock,NASDAQ
YYGH,YY Group Holding Limited - Class A Ordinary Shares,NASDAQ
Z,"Zillow Group, Inc. - Class C Capital Stock",NASDAQ
ZBAO,Zhibao Technology Inc. - Class A Ordinary Shares,NASDAQ
ZBIO,"Zenas BioPharma, Inc. - Common Stock",NASDAQ
ZBRA,Zebra Technologies Corporation - Class A Common Stock,NASDAQ
ZCMD,Zhongchao Inc. - Class A Ordinary Shares,NASDAQ
ZD,"Ziff Davis, Inc. - Common Stock",NASDAQ
ZDAI,"DirectBooking Technology Co., Ltd. - Class A Ordinary Shares",NASDAQ
ZENA,"ZenaTech, Inc. - Common Stock",NASDAQ
ZEO,Zeo Energy Corporation - Class A Common Stock,NASDAQ
ZG,"Zillow Group, Inc. - Class A Common Stock",NASDAQ
ZION,Zions Bancorporation N.A. - Common Stock,NASDAQ
ZJK,"ZJK Industrial Co., Ltd. - Class A Ordinary Shares",NASDAQ
ZJYL,JIN MEDICAL INTERNATIONAL LTD. - Class A Ordinary Shares,NASDAQ
ZKIN,"ZK International Group Co., Ltd - Ordinary Share",NASDAQ
ZM,"Zoom Communications, Inc. - Class A Common Stock",NASDAQ
ZNB,Zeta Network Group - Class A Ordinary Shares,NASDAQ
ZNTL,"Zentalis Pharmaceuticals, Inc. - common stock",NASDAQ
ZOOZ,ZOOZ Strategy Ltd. - Ordinary Shares,NASDAQ
ZS,"Zscaler, Inc. - Common Stock",NASDAQ
ZSQR,Z Squared Inc. - Common Stock,NASDAQ
ZSTK,ZeroStack Corp. - Common Stock,NASDAQ
ZTEK,Zentek Ltd. - common stock,NASDAQ
ZTG,Zenta Group Company Limited - Class A Ordinary Shares,NASDAQ
ZUMZ,Zumiez Inc. - Common Stock,NASDAQ
ZURA,Zura Bio Limited - Class A Ordinary shares,NASDAQ
ZVRA,"Zevra Therapeutics, Inc.  - Common Stock",NASDAQ
ZYBT,Zhengye Biotechnology Holding Limited - Class A Ordinary Shares,NASDAQ
ZYME,Zymeworks Inc. - Common Stock,NASDAQ
A,"Agilent Technologies, Inc. Common Stock",NYSE
AA,Alcoa Corporation Common Stock ,NYSE
AADX,"Applied Aerospace & Defense, Inc. Common Stock",NYSE
AAMI,Acadian Asset Management Inc. Common Stock,NYSE
AAP,Advance Auto Parts Inc.,NYSE
AAT,"American Assets Trust, Inc. Common Stock",NYSE
AAUC,Allied Gold Corporation Common Shares,NYSE
ABBV,AbbVie Inc. Common Stock,NYSE
ABCB,Ameris Bancorp Common Stock,NYSE
ABG,Asbury Automotive Group Inc Common Stock,NYSE
ABM,ABM Industries Incorporated Common Stock,NYSE
ABR,Arbor Realty Trust Common Stock,NYSE
ABT,Abbott Laboratories Common Stock,NYSE
ABX,"Abacus Global Management, Inc. Class A Common Stock",NYSE
ACA,"Arcosa, Inc. Common Stock ",NYSE
ACCO,Acco Brands Corporation Common Stock,NYSE
ACEL,"Accel Entertainment, Inc. ",NYSE
ACH,"Accendra Health, Inc. Common Stock",NYSE
ACHR,Archer Aviation Inc. Class A Common Stock,NYSE
ACI,"Albertsons Companies, Inc. Class A Common Stock",NYSE
ACM,AECOM Common Stock,NYSE
ACN,Accenture plc Class A Ordinary Shares (Ireland),NYSE
ACP,abrdn Income Credit Strategies Fund Common Shares,NYSE
ACR,ACRES Commercial Realty Corp. Common Stock,NYSE
ACRE,Ares Commercial Real Estate Corporation Common Stock,NYSE
ACVA,ACV Auctions Inc. Class A Common Stock,NYSE
AD,"Array Digital Infrastructure, Inc. Common Shares",NYSE
ADC,Agree Realty Corporation Common Stock,NYSE
ADCT,ADC Therapeutics SA Common Shares,NYSE
ADIG.V,ADI Global Distribution Inc. Common Stock When-Issued,NYSE
ADM,Archer-Daniels-Midland Company Common Stock,NYSE
ADNT,Adient plc Ordinary Shares ,NYSE
ADT,ADT Inc. Common Stock,NYSE
ADX,Adams Diversified Equity Fund Inc.,NYSE
AEE,Ameren Corporation Common Stock,NYSE
AEG,Aegon Ltd. New York Registry Shares,NYSE
AEM,Agnico Eagle Mines Limited Common Stock,NYSE
AEO,"American Eagle Outfitters, Inc. Common Stock",NYSE
AER,AerCap Holdings N.V. Ordinary Shares,NYSE
AES,The AES Corporation Common Stock,NYSE
AESI,Atlas Energy Solutions Inc. Common Stock,NYSE
AFB,AllianceBernstein National Municipal Income Fund Inc,NYSE
AFG,"American Financial Group, Inc. Common Stock",NYSE
AFL,AFLAC Incorporated Common Stock,NYSE
AG,First Majestic Silver Corp. Ordinary Shares (Canada),NYSE
AGBK,AGI Inc Class A Common Shares,NYSE
AGCO,AGCO Corporation Common Stock,NYSE
AGI,Alamos Gold Inc. Class A Common Shares,NYSE
AGL,"agilon health, inc. Common Stock",NYSE
AGM,Federal Agricultural Mortgage Corporation Common Stock,NYSE
AGM.A,Federal Agricultural Mortgage Corporation Common Stock,NYSE
AGO,Assured Guaranty Ltd. Common Stock,NYSE
AGRO,Adecoagro S.A. Common Shares,NYSE
AGX,"Argan, Inc. Common Stock",NYSE
AHR,"American Healthcare REIT, Inc. Common Stock",NYSE
AHRT,"AH Realty Trust, Inc. Common Stock",NYSE
AHT,Ashford Hospitality Trust Inc Common Stock,NYSE
AI,"C3.ai, Inc. Class A Common Stock",NYSE
AIG,"American International Group, Inc. New Common Stock",NYSE
AII,"American Integrity Insurance Group, Inc. Common Stock",NYSE
AIN,Albany International Corporation Common Stock,NYSE
AIR,AAR Corp. Common Stock,NYSE
AIT,"Applied Industrial Technologies, Inc. Common Stock",NYSE
AIV,Apartment Investment and Management Company Common Stock,NYSE
AIZ,"Assurant, Inc. Common Stock",NYSE
AJG,Arthur J. Gallagher & Co. Common Stock,NYSE
AKA,a.k.a. Brands Holding Corp. Common Stock,NYSE
AKO.A,Embotelladora Andina S.A. Common Stock,NYSE
AKO.B,Embotelladora Andina S.A. Common Stock,NYSE
AKR,Acadia Realty Trust Common Stock,NYSE
ALB,Albemarle Corporation Common Stock,NYSE
ALC,Alcon Inc. Ordinary Shares,NYSE
ALG,"Alamo Group, Inc. Common Stock",NYSE
ALH,Alliance Laundry Holdings Inc. Common Stock,NYSE
ALIT,"Alight, Inc. Class A Common Stock",NYSE
ALK,"Alaska Air Group, Inc. Common Stock",NYSE
ALL,Allstate Corporation (The) Common Stock,NYSE
ALLE,Allegion plc Ordinary Shares,NYSE
ALLY,Ally Financial Inc. Common Stock,NYSE
ALSN,"Allison Transmission Holdings, Inc. Common Stock",NYSE
ALTG,Alta Equipment Group Inc. Class A Common Stock,NYSE
ALV,"Autoliv, Inc. Common Stock",NYSE
ALX,"Alexander's, Inc. Common Stock",NYSE
AM,Antero Midstream Corporation Common Stock,NYSE
AMBP,Ardagh Metal Packaging S.A. Ordinary Shares,NYSE
AMBQ,"Ambiq Micro, Inc. Common Stock",NYSE
AMC,"AMC Entertainment Holdings, Inc. Class A Common Stock",NYSE
AMCR,Amcor plc Ordinary Shares,NYSE
AME,"AMETEK, Inc.",NYSE
AMG,"Affiliated Managers Group, Inc. Common Stock",NYSE
AMN,AMN Healthcare Services Inc,NYSE
AMP,"Ameriprise Financial, Inc. Common Stock",NYSE
AMPX,"Amprius Technologies, Inc. Common Stock",NYSE
AMPY,Amplify Energy Corp. Common Stock,NYSE
AMR,"Alpha Metallurgical Resources, Inc. Common Stock",NYSE
AMRC,"Ameresco, Inc. Class A Common Stock",NYSE
AMRZ,Amrize Ltd Ordinary Shares,NYSE
AMT,American Tower Corporation (REIT) Common Stock,NYSE
AMTB,Amerant Bancorp Inc. Class A Common Stock,NYSE
AMTM,"Amentum Holdings, Inc. Common Stock",NYSE
AMWL,American Well Corporation Class A Common Stock,NYSE
AN,"AutoNation, Inc. Common Stock",NYSE
ANDG,Andersen Group Inc. Class A Common Stock,NYSE
ANET,"Arista Networks, Inc. Common Stock",NYSE
ANF,Abercrombie & Fitch Company Common Stock,NYSE
ANGX,"Angel Studios, Inc. Class A Common Stock",NYSE
ANRO,"Alto Neuroscience, Inc. Common Stock",NYSE
ANVS,"Annovis Bio, Inc. Common Stock",NYSE
AOMR,"Angel Oak Mortgage REIT, Inc. Common Stock",NYSE
AON,Aon plc Class A Ordinary Shares (Ireland),NYSE
AORT,"Artivion, Inc. Common Stock",NYSE
AOS,A.O. Smith Corporation Common Stock,NYSE
AP,Ampco-Pittsburgh Corporation Common Stock,NYSE
APAM,Artisan Partners Asset Management Inc. Class A Common Stock,NYSE
APD,"Air Products and Chemicals, Inc. Common Stock",NYSE
APG,APi Group Corporation Common Stock,NYSE
APH,Amphenol Corporation Common Stock,NYSE
APLE,"Apple Hospitality REIT, Inc. Common Shares",NYSE
APO,"Apollo Global Management, Inc. (New) Common Stock",NYSE
APTV,Aptiv PLC Ordinary Shares,NYSE
AQN,Algonquin Power & Utilities Corp. Common Shares,NYSE
AQNB,"Algonquin Power & Utilities Corp. 6.20% Fixed-to-Floating Subordinated Notes Series 2019-A due July 1, 2079",NYSE
AR,Antero Resources Corporation Common Stock,NYSE
ARCO,Arcos Dorados Holdings Inc. Class A Shares,NYSE
ARDC,"Ares Dynamic Credit Allocation Fund, Inc. Common Shares",NYSE
ARDT,"Ardent Health, Inc. Common Stock",NYSE
ARE,"Alexandria Real Estate Equities, Inc. Common Stock",NYSE
ARES,Ares Management Corporation Class A Common Stock,NYSE
ARI,"Apollo Commercial Real Estate Finance, Inc",NYSE
ARIS,Aris Mining Corporation Common Shares,NYSE
ARL,"American Realty Investors, Inc. Common Stock",NYSE
ARLO,"Arlo Technologies, Inc. Common Stock",NYSE
ARMK,Aramark Common Stock,NYSE
AROC,"Archrock, Inc. Common Stock",NYSE
ARR,"ARMOUR Residential REIT, Inc.",NYSE
ARW,"Arrow Electronics, Inc. Common Stock",NYSE
ARX,Accelerant Holdings Class A Common Shares,NYSE
AS,"Amer Sports, Inc. Ordinary Shares",NYSE
ASA,ASA  Gold and Precious Metals Limited,NYSE
ASAN,"Asana, Inc. Class A Common Stock",NYSE
ASB,Associated Banc-Corp Common Stock,NYSE
ASC,Ardmore Shipping Corporation Common Stock,NYSE
ASG,"Liberty All-Star Growth Fund, Inc.",NYSE
ASH,Ashland Inc. Common Stock,NYSE
ASIC,Ategrity Specialty Insurance Company Holdings Common Stock,NYSE
ASIX,AdvanSix Inc. Common Stock ,NYSE
ASPN,"Aspen Aerogels, Inc. Common Stock",NYSE
ASR,"Grupo Aeroportuario del Sureste, S.A. de C.V. Common Stock",NYSE
ATEN,"A10 Networks, Inc. Common Stock",NYSE
ATI,ATI Inc. Common Stock,NYSE
ATKR,Atkore Inc. Common Stock,NYSE
ATMU,Atmus Filtration Technologies Inc. Common Stock,NYSE
ATO,Atmos Energy Corporation Common Stock,NYSE
ATR,"AptarGroup, Inc. Common Stock",NYSE
ATS,ATS Corporation Common Shares,NYSE
AU,AngloGold Ashanti PLC Ordinary Shares,NYSE
AUB,Atlantic Union Bankshares Corporation Common Stock,NYSE
AUNA,Auna SA Class A Ordinary Shares,NYSE
AVA,Avista Corporation Common Stock,NYSE
AVBC,"Avidia Bancorp, Inc. Common Stock",NYSE
AVD,American Vanguard Corporation Common Stock ($0.10 Par Value),NYSE
AVEX,AEVEX Corp. Class A Common Stock,NYSE
AVK,Advent Convertible and Income Fund,NYSE
AVNT,Avient Corporation Common Stock,NYSE
AVTR,"Avantor, Inc. Common Stock",NYSE
AVY,Avery Dennison Corporation Common Stock,NYSE
AWF,Alliancebernstein Global High Income Fund,NYSE
AWI,Armstrong World Industries Inc Common Stock,NYSE
AWK,"American Water Works Company, Inc. Common Stock",NYSE
AWR,American States Water Company Common Stock,NYSE
AX,"Axos Financial, Inc. Common Stock",NYSE
AXP,American Express Company Common Stock,NYSE
AXR,AMREP Corporation Common Stock,NYSE
AXS,Axis Capital Holdings Limited Common Stock,NYSE
AXTA,Axalta Coating Systems Ltd. Common Shares,NYSE
AYI,Acuity Inc. Common Stock,NYSE
AZN,AstraZeneca PLC Ordinary Shares,NYSE
AZO,"AutoZone, Inc. Common Stock",NYSE
AZZ,AZZ Inc.,NYSE
B,Barrick Mining Corporation Common Shares,NYSE
BA,Boeing Company (The) Common Stock,NYSE
BAC,Bank of America Corporation Common Stock,NYSE
BAH,Booz Allen Hamilton Holding Corporation Common Stock,NYSE
BAK,Braskem SA ADR,NYSE
BALL,Ball Corporation Common Stock,NYSE
BALY,Bally's Corporation Common Stock,NYSE
BAM,Brookfield Asset Management Inc Class A Limited Voting Shares,NYSE
BANC,"Banc of California, Inc. Common Stock",NYSE
BAP,Credicorp Ltd. Common Stock,NYSE
BARK,"BARK, Inc. Class A Common Stock",NYSE
BAX,Baxter International Inc. Common Stock,NYSE
BB,BlackBerry Limited Common Stock,NYSE
BBAI,"BigBear.ai, Inc. Common Stock",NYSE
BBAR,Banco BBVA Argentina S.A. ADS,NYSE
BBBY,"Bed Bath & Beyond, Inc. Common Stock",NYSE
BBDC,"Barings BDC, Inc. Common Stock",NYSE
BBT,Beacon Financial Corporation Common stock,NYSE
BBUC,Brookfield Business Corporation Class A Subordinate Voting Shares,NYSE
BBVA,Banco Bilbao Vizcaya Argentaria S.A. Common Stock,NYSE
BBW,"Build-A-Bear Workshop, Inc. Common Stock",NYSE
BBWI,"Bath & Body Works, Inc.",NYSE
BBY,"Best Buy Co., Inc. Common Stock",NYSE
BC,Brunswick Corporation Common Stock,NYSE
BCC,"Boise Cascade, L.L.C. Common Stock",NYSE
BCE,"BCE, Inc. Common Stock",NYSE
BCH,Banco De Chile ADS,NYSE
BCO,Brinks Company (The) Common Stock,NYSE
BCS,Barclays PLC Common Stock,NYSE
BCSF,"Bain Capital Specialty Finance, Inc. Common Stock",NYSE
BCSS,Bain Capital GSS Investment Corp. Class A Ordinary Shares,NYSE
BDC,Belden Inc Common Stock,NYSE
BDJ,Blackrock Enhanced Equity Dividend Trust,NYSE
BDN,Brandywine Realty Trust Common Stock,NYSE
BDX,"Becton, Dickinson and Company Common Stock",NYSE
BE,Bloom Energy Corporation Class A Common Stock,NYSE
BEBE,TGE Value Creative Solutions Corp Class A Ordinary Shares,NYSE
BEN,"Franklin Resources, Inc. Common Stock",NYSE
BEPC,Brookfield Renewable Corporation Brookfield Renewable Corporation Class A Subordinate Voting Shares,NYSE
BEPH,Brookfield BRP Holdings (Canada) Inc. 4.625% Perpetual Subordinated Notes,NYSE
BEPI,Brookfield BRP Holdings (Canada) Inc. 4.875% Perpetual Subordinated Notes,NYSE
BEPJ,Brookfield BRP Holdings (Canada) Inc. 7.250% Perpetual Subordinated Notes,NYSE
BETA,"Beta Technologies, Inc. Class A Common Stock",NYSE
BF-B,Brown Forman Inc Class B Common Stock,NYSE
BF.A,Brown Forman Inc Class A Common Stock,NYSE
BFH,"Bread Financial Holdings, Inc. Common Stock",NYSE
BFLY,"Butterfly Network, Inc. Class A Common Stock",NYSE
BFS,"Saul Centers, Inc. Common Stock",NYSE
BG,Bunge Limited Common Shares,NYSE
BGR,BlackRock Energy and Resources Trust,NYSE
BGS,"B&G Foods, Inc. Common Stock",NYSE
BGSF,"BGSF, Inc. Common Stock",NYSE
BGSI,Boyd Group Services Inc. Common Shares,NYSE
BGT,BlackRock Floating Rate Income Trust,NYSE
BGX,Blackstone Long Short Credit Income Fund Common Shares,NYSE
BGY,Blackrock Enhanced International Dividend Trust,NYSE
BH,Biglari Holdings Inc. Class B Common Stock,NYSE
BH.A,Biglari Holdings Inc. Class A Common Stock,NYSE
BHC,Bausch Health Companies Inc. Common Stock,NYSE
BHE,"Benchmark Electronics, Inc. Common Stock",NYSE
BHR,Braemar Hotels & Resorts Inc. Common Stock,NYSE
BHVN,Biohaven Ltd. Common Shares ,NYSE
BILL,"BILL Holdings, Inc. Common Stock",NYSE
BIO,"Bio-Rad Laboratories, Inc. Class A Common Stock",NYSE
BIO.B,"Bio-Rad Laboratories, Inc. Class B  Common Stock",NYSE
BIPC,Brookfield Infrastructure Corporation Brookfield Infrastructure Corporation,NYSE
BIPI,BIP Bermuda Holdings I Limited 5.125% Perpetual Subordinated Notes,NYSE
BIRK,Birkenstock Holding plc Ordinary Shares,NYSE
BJ,"BJ's Wholesale Club Holdings, Inc. Common Stock",NYSE
BKD,Brookdale Senior Living Inc. Common Stock,NYSE
BKE,"Buckle, Inc. (The) Common Stock",NYSE
BKH,Black Hills Corporation Common Stock,NYSE
BKKT,"Bakkt, Inc. Class A Common Stock",NYSE
BKSY,BlackSky Technology Inc. Class A Common Stock,NYSE
BKT,BlackRock Income Trust Inc. (The),NYSE
BKV,BKV Corporation Common Stock,NYSE
BLCO,Bausch + Lomb Corporation Common Shares,NYSE
BLDR,"Builders FirstSource, Inc. Common Stock",NYSE
BLK,"BlackRock, Inc. Common Stock",NYSE
BLND,"Blend Labs, Inc. Class A Common Stock",NYSE
BLSH,Bullish Ordinary Shares,NYSE
BLW,Blackrock Limited Duration Income Trust,NYSE
BLX,"Bladex, Inc. Class E Common Stock",NYSE
BMA,Banco Macro S.A.  ADR (representing Ten Class B Common Shares),NYSE
BME,Blackrock Health Sciences Trust,NYSE
BMI,"Badger Meter, Inc. Common Stock",NYSE
BMNR,"BitMine Immersion Technologies, Inc. Common Stock",NYSE
BMO,Bank Of Montreal Common Stock,NYSE
BMY,Bristol-Myers Squibb Company Common Stock,NYSE
BN,Brookfield Corporation Class A Limited Voting Shares,NYSE
BNED,"Barnes & Noble Education, Inc Common Stock",NYSE
BNJ,Brookfield Finance Inc. 4.50% Perpetual Subordinated Notes,NYSE
BNL,"Broadstone Net Lease, Inc. Common Stock",NYSE
BNS,Bank Nova Scotia Halifax Pfd 3 Ordinary Shares,NYSE
BNT,Brookfield Wealth Solutions Ltd. Class A Exchangeable Limited Voting Shares,NYSE
BNY,The Bank of New York Mellon Corporation Common Stock,NYSE
BOBS,"Bob's Discount Furniture, Inc. Common Stock",NYSE
BOC,Boston Omaha Corporation Class A Common Stock,NYSE
BOH,Bank of Hawaii Corporation Common Stock,NYSE
BOOT,"Boot Barn Holdings, Inc. Common Stock",NYSE
BORR,Borr Drilling Limited Common Shares,NYSE
BOW,Bowhead Specialty Holdings Inc. Common Stock,NYSE
BOX,"Box, Inc. Class A Common Stock",NYSE
BP,BP p.l.c. Common Stock,NYSE
BR,"Broadridge Financial Solutions, Inc. Common Stock",NYSE
BRBR,"BellRing Brands, Inc. Common Stock ",NYSE
BRC,Brady Corporation Common Stock,NYSE
BRCC,BRC Inc. Class A Common Stock,NYSE
BRK-B,Berkshire Hathaway Inc. New Common Stock,NYSE
BRK.A,Berkshire Hathaway Inc. Common Stock,NYSE
BRO,"Brown & Brown, Inc. Common Stock",NYSE
BROS,Dutch Bros Inc. Class A Common Stock,NYSE
BRT,BRT Apartments Corp. (MD) Common Stock,NYSE
BRX,Brixmor Property Group Inc. Common Stock,NYSE
BSAC,Banco Santander - Chile ADS,NYSE
BSX,Boston Scientific Corporation Common Stock,NYSE
BTE,Baytex Energy Corp Common Shares,NYSE
BTGO,"BitGo Holdings, Inc. Class A Common Stock",NYSE
BTI,"British American Tobacco  Industries, p.l.c. Common Stock ADR",NYSE
BTT,BlackRock Municipal 2030 Target Term Trust,NYSE
BTU,Peabody Energy Corporation Common Stock ,NYSE
BTZ,BlackRock Credit Allocation Income Trust,NYSE
BUD,Anheuser-Busch Inbev SA Sponsored ADR (Belgium),NYSE
BUR,Burford Capital Limited Ordinary Shares,NYSE
BURL,"Burlington Stores, Inc. Common Stock",NYSE
BVN,Buenaventura Mining Company Inc.,NYSE
BW,"Babcock & Wilcox Enterprises, Inc. Common Stock",NYSE
BWA,BorgWarner Inc. Common Stock,NYSE
BWLP,BW LPG Limited Common Shares,NYSE
BWMX,"Betterware de Mexico, S.A.P.I. de C.V. Ordinary Shares",NYSE
BWXT,"BWX Technologies, Inc. Common Stock",NYSE
BX,Blackstone Inc. Common Stock,NYSE
BXC,Bluelinx Holdings Inc. Common Stock,NYSE
BXDC,Blackstone Digital Infrastructure Trust Inc. Common Stock,NYSE
BXMT,"Blackstone Mortgage Trust, Inc. Common Stock",NYSE
BXP,"BXP, Inc. Common Stock",NYSE
BY,"Byline Bancorp, Inc. Common Stock",NYSE
BYD,Boyd Gaming Corporation Common Stock,NYSE
BZH,"Beazer Homes USA, Inc. Common Stock",NYSE
C,"Citigroup, Inc. Common Stock",NYSE
CAAP,Corporacion America Airports SA Common Shares,NYSE
CABO,"Cable One, Inc. Common Stock",NYSE
CACI,"CACI International, Inc. Class A Common Stock",NYSE
CAF,Morgan Stanley China A Share Fund Inc. Common Stock,NYSE
CAG,"ConAgra Brands, Inc. Common Stock",NYSE
CAH,"Cardinal Health, Inc. Common Stock",NYSE
CAL,"Caleres, Inc. Common Stock",NYSE
CALX,"Calix, Inc Common Stock",NYSE
CALY,Callaway Golf Company Common Stock,NYSE
CANG,Cango Inc. Class A Ordinary Shares,NYSE
CARR,Carrier Global Corporation Common Stock ,NYSE
CARS,Cars.com Inc. Common Stock ,NYSE
CAT,"Caterpillar, Inc. Common Stock",NYSE
CATO,Cato Corporation (The) Class A Common Stock,NYSE
CAVA,"CAVA Group, Inc. Common Stock",NYSE
CB,Chubb Limited  Common Stock,NYSE
CBAN,"Colony Bankcorp, Inc. Common Stock",NYSE
CBL,"CBL & Associates Properties, Inc. Common Stock",NYSE
CBNA,"Chain Bridge Bancorp, Inc. Class A Common Stock",NYSE
CBRE,CBRE Group Inc Common Stock Class A,NYSE
CBT,Cabot Corporation Common Stock,NYSE
CBZ,"CBIZ, Inc. Common Stock",NYSE
CC,Chemours Company (The) Common Stock,NYSE
CCI,Crown Castle Inc. Common Stock,NYSE
CCJ,Cameco Corporation Common Stock,NYSE
CCK,"Crown Holdings, Inc.",NYSE
CCL,Carnival Corporation Ltd. Common Shares,NYSE
CCO,"Clear Channel Outdoor Holdings, Inc. Common Stock",NYSE
CCU,"Compania Cervecerias Unidas, S.A. Common Stock",NYSE
CCZ,Comcast Holdings ZONES,NYSE
CDE,"Coeur Mining, Inc. Common Stock",NYSE
CDRE,"Cadre Holdings, Inc. Common Stock",NYSE
CE,Celanese Corporation Common Stock,NYSE
CEE,"The Central and Eastern Europe Fund, Inc. (The) Common Stock",NYSE
CF,"CF Industries Holdings, Inc. Common Stock",NYSE
CFG,"Citizens Financial Group, Inc. Common Stock",NYSE
CFND,C1 Fund Inc. Common Stock,NYSE
CFR,"Cullen/Frost Bankers, Inc. Common Stock",NYSE
CGAU,Centerra Gold Inc. Common Shares,NYSE
CHD,"Church & Dwight Company, Inc. Common Stock",NYSE
CHE,Chemed Corp,NYSE
CHGG,"Chegg, Inc. Common Stock",NYSE
CHH,"Choice Hotels International, Inc. Common Stock",NYSE
CHMI,Cherry Hill Mortgage Investment Corporation Common Stock,NYSE
CHPT,"ChargePoint Holdings, Inc. Common Stock",NYSE
CHT,"Chunghwa Telecom Co., Ltd.",NYSE
CHWY,"Chewy, Inc. Class A Common Stock",NYSE
CI,The Cigna Group Common Stock,NYSE
CIA,"Citizens, Inc. Class A Common Stock ($1.00 Par)",NYSE
CIEN,Ciena Corporation Common Stock,NYSE
CIG.C,Comp En De Mn Cemig ADS American Depositary Receipts,NYSE
CII,"BlackRock Enhanced Large Cap Core Fund, Inc. Common Stock",NYSE
CIM,Chimera Investment Corporation Common Stock,NYSE
CINT,CI&T Inc Class A Common Shares,NYSE
CION,CION Investment Corporation Common Stock,NYSE
CL,Colgate-Palmolive Company Common Stock,NYSE
CLB,Core Laboratories Inc. Common Stock,NYSE
CLF,Cleveland-Cliffs Inc. Common Stock,NYSE
CLH,"Clean Harbors, Inc. Common Stock",NYSE
CLPR,Clipper Realty Inc. Common Stock,NYSE
CLS,"Celestica, Inc. Common Stock",NYSE
CLVT,Clarivate Plc Ordinary Shares,NYSE
CLW,Clearwater Paper Corporation Common Stock,NYSE
CLX,Clorox Company (The) Common Stock,NYSE
CM,Canadian Imperial Bank of Commerce Common Stock,NYSE
CMBT,CMB.TECH NV Ordinary Shares,NYSE
CMC,Commercial Metals Company Common Stock,NYSE
CMDB,Costamare Bulkers Holdings Limited Common Stock,NYSE
CMG,"Chipotle Mexican Grill, Inc. Common Stock",NYSE
CMI,Cummins Inc. Common Stock,NYSE
CMP,Compass Minerals Intl Inc Common Stock,NYSE
CMRE,Costamare Inc. Common Stock $0.0001 par value,NYSE
CMS,CMS Energy Corporation Common Stock,NYSE
CMTG,"Claros Mortgage Trust, Inc. Common Stock",NYSE
CNA,CNA Financial Corporation Common Stock,NYSE
CNC,Centene Corporation Common Stock,NYSE
CNH,CNH Industrial N.V. Common Shares,NYSE
CNI,Canadian National Railway Company Common Stock,NYSE
CNK,"Cinemark Holdings Inc Cinemark Holdings, Inc. Common Stock",NYSE
CNM,"Core & Main, Inc. Class A Common Stock",NYSE
CNMD,CONMED Corporation Common Stock,NYSE
CNNE,"Cannae Holdings, Inc. Common Stock",NYSE
CNO,"CNO Financial Group, Inc. Common Stock",NYSE
CNP,"CenterPoint Energy, Inc (Holding Co) Common Stock",NYSE
CNQ,Canadian Natural Resources Limited Common Stock,NYSE
CNR,"Core Natural Resources, Inc. Common Stock",NYSE
CNS,Cohen & Steers Inc Common Stock,NYSE
CNX,CNX Resources Corporation Common Stock,NYSE
COF,Capital One Financial Corporation Common Stock,NYSE
COHR,Coherent Corp. Common Stock,NYSE
COLD,"Americold Realty Trust, Inc. Common Stock",NYSE
COMP,"Compass, Inc. Class A Common Stock",NYSE
CON,"Concentra Group Holdings Parent, Inc. Common Stock",NYSE
COOK,"Traeger, Inc. Common Stock",NYSE
COP,ConocoPhillips Common Stock,NYSE
COR,"Cencora, Inc. Common Stock",NYSE
COSO,"CoastalSouth Bancshares, Inc. Common Stock",NYSE
COTY,Coty Inc. Class A Common Stock,NYSE
COUR,"Coursera, Inc. Common Stock",NYSE
CP,Canadian Pacific Kansas City Limited Common Shares,NYSE
CPA,"Copa Holdings, S.A. Class A Common Stock",NYSE
CPAY,"Corpay, Inc. Common Stock",NYSE
CPF,Central Pacific Financial Corp New,NYSE
CPK,Chesapeake Utilities Corporation Common Stock,NYSE
CPNG,"Coupang, Inc. Class A Common Stock",NYSE
CPRI,Capri Holdings Limited Ordinary Shares,NYSE
CPS,Cooper-Standard Holdings Inc. Common Stock,NYSE
CPT,Camden Property Trust Common Stock,NYSE
CR,Crane Company Common Stock,NYSE
CRBG,Corebridge Financial Inc. Common Stock,NYSE
CRC,California Resources Corporation Common Stock,NYSE
CRCL,"Circle Internet Group, Inc. Class A Common Stock",NYSE
CRD.A,Crawford & Company Common Stock,NYSE
CRD.B,Crawford & Company Common Stock,NYSE
CRGY,Crescent Energy Company Class A Common Stock,NYSE
CRH,CRH PLC Ordinary Shares,NYSE
CRI,"Carter's, Inc. Common Stock",NYSE
CRK,"Comstock Resources, Inc. Common Stock",NYSE
CRL,"Charles River Laboratories International, Inc. Common Stock",NYSE
CRM,"Salesforce, Inc. Common Stock",NYSE
CRS,Carpenter Technology Corporation Common Stock,NYSE
CRT,Cross Timbers Royalty Trust Common Stock,NYSE
CSAN,Cosan S.A. ADS,NYSE
CSL,Carlisle Companies Incorporated Common Stock,NYSE
CSQR,"Csquare, Inc. Common Stock",NYSE
CSR,D/B/A Centerspace Common Stock,NYSE
CSTM,Constellium SE Ordinary Shares (France),NYSE
CSV,"Carriage Services, Inc. Common Stock",NYSE
CSW,"CSW Industrials, Inc. Common Stock",NYSE
CTEV,Claritev Corporation Class A Common Stock,NYSE
CTO,"CTO Realty Growth, Inc. Common Stock",NYSE
CTOS,"Custom Truck One Source, Inc. Common Stock",NYSE
CTRE,"CareTrust REIT, Inc. Common Stock",NYSE
CTRI,"Centuri Holdings, Inc. Common Stock",NYSE
CTS,CTS Corporation Common Stock,NYSE
CTVA,"Corteva, Inc. Common Stock ",NYSE
CUBE,CubeSmart Common Shares,NYSE
CUBI,"Customers Bancorp, Inc Common Stock",NYSE
CURB,Curbline Properties Corp. Common Stock,NYSE
CURV,Torrid Holdings Inc. Common Stock,NYSE
CUZ,Cousins Properties Incorporated Common Stock,NYSE
CVE,Cenovus Energy Inc Common Stock,NYSE
CVEO,Civeo Corporation (Canada) Common Shares,NYSE
CVI,CVR Energy Inc. Common Stock,NYSE
CVLG,"Covenant Logistics Group, Inc. Class A Common Stock",NYSE
CVNA,Carvana Co. Class A Common Stock,NYSE
CVS,CVS Health Corporation Common Stock,NYSE
CVSA,Covista Inc. Common Shares,NYSE
CVX,Chevron Corporation Common Stock,NYSE
CWEN,"Clearway Energy, Inc. Class C Common Stock",NYSE
CWH,"Camping World Holdings, Inc. Class A Common Stock",NYSE
CWK,Cushman & Wakefield Ltd. Common Shares,NYSE
CWT,California Water Service Group Common Stock,NYSE
CX,"Cemex, S.A.B. de C.V. Sponsored ADR",NYSE
CXM,"Sprinklr, Inc. Class A Common Stock",NYSE
CXT,"Crane NXT, Co. Common Stock",NYSE
CXW,"CoreCivic, Inc. Common Stock",NYSE
CYD,China Yuchai International Limited Common Stock,NYSE
D,"Dominion Energy, Inc. Common Stock",NYSE
DAC,Danaos Corporation Common Stock,NYSE
DAL,"Delta Air Lines, Inc. Common Stock",NYSE
DAN,Dana Incorporated Common Stock ,NYSE
DAR,Darling Ingredients Inc. Common Stock,NYSE
DB,Deutsche Bank AG Common Stock,NYSE
DBD,Diebold Nixdorf Incorporated Common stock,NYSE
DBI,Designer Brands Inc. Class A Common Stock,NYSE
DBRG,"DigitalBridge Group, Inc.",NYSE
DCBG,"Dime Commercial Bancshares, Inc. 9.000% Junior Subordinated Notes",NYSE
DCH,Dauch Corporation Common Stock,NYSE
DCI,"Donaldson Company, Inc. Common Stock",NYSE
DCO,Ducommun Incorporated Common Stock,NYSE
DCOM,"Dime Commercial Bancshares, Inc. Common Stock",NYSE
DD,"DuPont de Nemours, Inc. Common Stock",NYSE
DDD,3D Systems Corporation Common Stock,NYSE
DDS,"Dillard's, Inc. Common Stock",NYSE
DDT,Dillard's Capital Trust I,NYSE
DE,Deere & Company Common Stock,NYSE
DEA,"Easterly Government Properties, Inc. Common Stock",NYSE
DEC,Diversified Energy Company Common Stock,NYSE
DECK,Deckers Outdoor Corporation Common Stock,NYSE
DEI,"Douglas Emmett, Inc. Common Stock",NYSE
DELL,Dell Technologies Inc. Class C Common Stock ,NYSE
DEO,Diageo plc Common Stock,NYSE
DFH,"Dream Finders Homes, Inc. Class A Common Stock",NYSE
DFIN,"Donnelley Financial Solutions, Inc. Common Stock ",NYSE
DG,Dollar General Corporation Common Stock,NYSE
DGX,Quest Diagnostics Incorporated Common Stock,NYSE
DHF,BNY Mellon High Yield Strategies Fund Common Stock,NYSE
DHI,"D.R. Horton, Inc. Common Stock",NYSE
DHR,Danaher Corporation Common Stock,NYSE
DHT,"DHT Holdings, Inc.",NYSE
DHX,"DHI Group, Inc. Common Stock",NYSE
DIN,"Dine Brands Global, Inc. Common Stock",NYSE
DINO,HF Sinclair Corporation Common Stock,NYSE
DIS,Walt Disney Company (The) Common Stock,NYSE
DK,"Delek US Holdings, Inc. Common Stock",NYSE
DKS,Dick's Sporting Goods Inc Common Stock,NYSE
DLB,Dolby Laboratories Common Stock,NYSE
DLR,"Digital Realty Trust, Inc. Common Stock",NYSE
DLX,Deluxe Corporation Common Stock,NYSE
DMA,Destra Multi-Alternative Fund Common Stock,NYSE
DMC,Del Monte Corporation Ordinary Shares,NYSE
DNA,"Ginkgo Bioworks Holdings, Inc. Class A Common Stock",NYSE
DNOW,DNOW Inc. Common Stock,NYSE
DNP,"DNP Select Income Fund, Inc. Common Stock",NYSE
DOC,"Healthpeak Properties, Inc. Common Stock",NYSE
DOCN,"DigitalOcean Holdings, Inc. Common Stock",NYSE
DOCS,"Doximity, Inc. Class A Common Stock",NYSE
DOLE,Dole plc Ordinary Shares,NYSE
DOUG,Douglas Elliman Inc. Common Stock,NYSE
DOV,Dover Corporation Common Stock,NYSE
DOW,Dow Inc. Common Stock ,NYSE
DPC,DPC Holdings PLC Ordinary Shares,NYSE
DPG,Duff & Phelps Utility and Infrastructure Fund Inc.,NYSE
DRI,"Darden Restaurants, Inc. Common Stock",NYSE
DSU,"Blackrock Debt Strategies Fund, Inc. Common Stock",NYSE
DSX,Diana Shipping inc. common stock,NYSE
DT,"Dynatrace, Inc. Common Stock",NYSE
DTE,DTE Energy Company Common Stock,NYSE
DTF,DTF Tax-Free Income 2028 Term Fund Inc. Common Stock,NYSE
DTM,"DT Midstream, Inc. Common Stock ",NYSE
DUK,Duke Energy Corporation (Holding Company) Common Stock,NYSE
DV,"DoubleVerify Holdings, Inc. Common Stock",NYSE
DVA,DaVita Inc. Common Stock,NYSE
DVN,Devon Energy Corporation Common Stock,NYSE
DX,"Dynex Capital, Inc. Common Stock",NYSE
DXC,DXC Technology Company Common Stock ,NYSE
DXYZ,Destiny Tech100 Inc. Common Stock,NYSE
DY,"Dycom Industries, Inc. Common Stock",NYSE
E,ENI S.p.A. Common Stock,NYSE
EAF,GrafTech International Ltd. Common Stock,NYSE
EAT,"Brinker International, Inc. Common Stock",NYSE
EBF,"Ennis, Inc. Common Stock",NYSE
EBS,Emergent BioSolutions Inc. Common Stock,NYSE
ECG,"Everus Construction Group, Inc. Common Stock",NYSE
ECL,Ecolab Inc. Common Stock,NYSE
ECO,Okeanis Eco Tankers Corp. Common Stock,NYSE
ECVT,Ecovyst Inc. Common Stock,NYSE
ED,"Consolidated Edison, Inc. Common Stock",NYSE
EDD,"Morgan Stanley Emerging Markets Domestic Debt Fund, Inc. Common Stock",NYSE
EDU,"New Oriental Education & Technology Group, Inc. Sponsored ADR representing 10 Ordinary Share (Cayman Islands)",NYSE
EE,"Excelerate Energy, Inc. Class A Common Stock",NYSE
EEA,"The European Equity Fund, Inc. Common Stock",NYSE
EFC,Ellington Financial Inc. Common Stock ,NYSE
EFOR,"Everforth, Inc. Common Stock",NYSE
EFX,"Equifax, Inc. Common Stock",NYSE
EFXT,Enerflex Ltd Common Shares,NYSE
EG,"Everest Group, Ltd. Common Stock",NYSE
EGO,Eldorado Gold Corporation Ordinary Shares,NYSE
EGP,"EastGroup Properties, Inc. Common Stock",NYSE
EGY,"VAALCO Energy, Inc.  Common Stock",NYSE
EHC,Encompass Health Corporation Common Stock,NYSE
EHI,Western Asset Global High Income Fund Inc Common Stock,NYSE
EIC,Eagle Point Income Company Inc. Common Stock,NYSE
EIG,Employers Holdings Inc Common Stock,NYSE
EIX,Edison International Common Stock,NYSE
EL,"Estee Lauder Companies, Inc. (The) Common Stock",NYSE
ELAN,Elanco Animal Health Incorporated Common Stock,NYSE
ELF,"e.l.f. Beauty, Inc. Common Stock",NYSE
ELS,"Equity Lifestyle Properties, Inc. Common Stock",NYSE
ELV,"Elevance Health, Inc. Common Stock",NYSE
EMA,Emera Incorporated Common Shares,NYSE
EMBJ,Embraer S.A. Common Stock,NYSE
EMD,Western Asset Emerging Markets Debt Fund Inc Common Stock,NYSE
EME,"EMCOR Group, Inc. Common Stock",NYSE
EMF,Templeton Emerging Markets Fund Common Stock,NYSE
EMN,Eastman Chemical Company Common Stock,NYSE
EMR,Emerson Electric Company Common Stock,NYSE
ENB,Enbridge Inc Common Stock,NYSE
ENHA,Enhanced Group Inc. Class A Common Stock,NYSE
ENOV,Enovis Corporation Common Stock,NYSE
ENR,"Energizer Holdings, Inc. Common Stock",NYSE
ENS,EnerSys Common Stock,NYSE
ENVA,"Enova International, Inc. Common Stock",NYSE
EOG,"EOG Resources, Inc. Common Stock",NYSE
EOS,Eaton Vance Enhance Equity Income Fund II Common Stock,NYSE
EPAC,Enerpac Tool Group Corp. Common Stock,NYSE
EPAM,"EPAM Systems, Inc. Common Stock",NYSE
EPC,Edgewell Personal Care Company Common Stock,NYSE
EPD,Enterprise Products Partners L.P. Common Stock,NYSE
EPR,EPR Properties Common Stock,NYSE
EPRT,"Essential Properties Realty Trust, Inc. Common Stock",NYSE
EQBK,"Equity Bancshares, Inc. Class A Common Stock",NYSE
EQH,"Equitable Holdings, Inc. Common Stock",NYSE
EQNR,Equinor ASA,NYSE
EQS,"Equus Total Return, Inc. Common Stock",NYSE
EQT,EQT Corporation Common Stock,NYSE
ERO,Ero Copper Corp. Common Shares,NYSE
EROC,"ERock, Inc. Class A Common Stock",NYSE
EROK,"EagleRock Land, LLC Class A shares representing limited liability company interests",NYSE
ES,Eversource Energy (D/B/A) Common Stock,NYSE
ESAB,ESAB Corporation Common Stock,NYSE
ESE,ESCO Technologies Inc. Common Stock,NYSE
ESI,Element Solutions Inc. Common Stock,NYSE
ESNT,Essent Group Ltd. Common Shares,NYSE
ESRT,"Empire State Realty Trust, Inc. Class A Common Stock",NYSE
ESS,"Essex Property Trust, Inc. Common Stock",NYSE
ESTC,Elastic N.V. Ordinary Shares,NYSE
ETD,Ethan Allen Interiors Inc. Common Stock,NYSE
ETN,"Eaton Corporation, PLC Ordinary Shares",NYSE
ETO,Eaton Vance Tax-Advantage Global Dividend Opp Common Stock,NYSE
ETR,Entergy Corporation Common Stock,NYSE
ETSY,"Etsy, Inc. Common Stock",NYSE
EVC,Entravision Communications Corporation Common Stock,NYSE
EVEX,"Eve Holding, Inc. Common Stock",NYSE
EVF,Eaton Vance Senior Income Trust Common Stock,NYSE
EVH,"Evolent Health, Inc Class A Common Stock",NYSE
EVMN,"Evommune, Inc. Common Stock",NYSE
EVN,Eaton Vance Municipal Income Trust Common Stock,NYSE
EVR,Evercore Inc. Class A Common Stock,NYSE
EVTC,"Evertec, Inc. Common Stock",NYSE
EVTL,Vertical Aerospace Ltd. Ordinary Shares,NYSE
EW,Edwards Lifesciences Corporation Common Stock,NYSE
EXK,Endeavour Silver Corporation Ordinary Shares (Canada),NYSE
EXP,Eagle Materials Inc Common Stock,NYSE
EXPD,"Expeditors International of Washington, Inc. Common Stock",NYSE
EXR,Extra Space Storage Inc Common Stock,NYSE
F,Ford Motor Company Common Stock,NYSE
FAF,First American Corporation (New) Common Stock,NYSE
FBIN,"Fortune Brands Innovations, Inc. Common Stock",NYSE
FBK,FB Financial Corporation Common Stock,NYSE
FBP,First BanCorp. New Common Stock,NYSE
FBRT,"Franklin BSP Realty Trust, Inc. Common Stock",NYSE
FC,Franklin Covey Company Common Stock,NYSE
FCBM,"First Carolina Financial Services, Inc. Common Stock",NYSE
FCF,First Commonwealth Financial Corporation Common Stock,NYSE
FCN,"FTI Consulting, Inc. Common Stock",NYSE
FCPT,"Four Corners Property Trust, Inc. Common Stock",NYSE
FCX,"Freeport-McMoRan, Inc. Common Stock",NYSE
FDS,FactSet Research Systems Inc. Common Stock,NYSE
FDX,FedEx Corporation Common Stock,NYSE
FDXF,"FedEx Freight Holding Company, Inc. Common Stock",NYSE
FE,FirstEnergy Corp. Common Stock,NYSE
FERG,Ferguson Enterprises Inc. Common Stock,NYSE
FET,"Forum Energy Technologies, Inc. Common Stock",NYSE
FF,FutureFuel Corp.  Common shares,NYSE
FG,"F&G Annuities & Life, Inc. Common Stock",NYSE
FHI,"Federated Hermes, Inc. Common Stock",NYSE
FHN,First Horizon Corporation Common Stock,NYSE
FICO,Fair Isaac Corporation Common Stock,NYSE
FIG,"Figma, Inc. Class A Common Stock",NYSE
FIGS,"FIGS, Inc. Class A Common Stock",NYSE
FIRY,Firy Inc. Class A Common Stock,NYSE
FIS,"Fidelity National Information Services, Inc. Common Stock",NYSE
FITB,Fifth Third Bancorp Common Stock,NYSE
FIX,"Comfort Systems USA, Inc. Common Stock",NYSE
FLC,Flaherty & Crumrine Total Return Fund Inc Common Stock,NYSE
FLG,"Flagstar Bank, N.A. Common Stock",NYSE
FLNG,FLEX LNG Ltd. Ordinary Shares,NYSE
FLO,"Flowers Foods, Inc. Common Stock",NYSE
FLOC,Flowco Holdings Inc. Class A Common Stock,NYSE
FLR,Fluor Corporation Common Stock,NYSE
FLS,Flowserve Corporation Common Stock,NYSE
FLUT,Flutter Entertainment plc Ordinary Shares,NYSE
FMC,FMC Corporation Common Stock,NYSE
FMN,Federated Hermes Premier Municipal Income Fund,NYSE
FMX,Fomento Economico Mexicano S.A.B. de C.V. Common Stock,NYSE
FN,Fabrinet Ordinary Shares,NYSE
FNB,F.N.B. Corporation Common Stock,NYSE
FND,"Floor & Decor Holdings, Inc. Common Stock",NYSE
FNF,"Fidelity National Financial, Inc. Common Stock",NYSE
FNV,Franco-Nevada Corporation,NYSE
FOA,Finance of America Companies Inc. Class A Common Stock,NYSE
FOR,Forestar Group Inc Common Stock ,NYSE
FOUR,"Shift4 Payments, Inc. Class A Common Stock",NYSE
FPH,"Five Point Holdings, LLC Class A Common Shares",NYSE
FPI,Farmland Partners Inc. Common Stock,NYSE
FPS,"Forgent Power Solutions, Inc. Class A Common Stock",NYSE
FR,"First Industrial Realty Trust, Inc. Common Stock",NYSE
FRA,Blackrock Floating Rate Income Strategies Fund Inc  Common Stock,NYSE
FRO,Frontline Plc Ordinary Shares,NYSE
FRT,Federal Realty Investment Trust Common Stock,NYSE
FSK,FS KKR Capital Corp. Common Stock,NYSE
FSM,Fortuna Mining Corp. Common Shares,NYSE
FSS,Federal Signal Corporation Common Stock,NYSE
FT,Franklin Universal Trust Common Stock,NYSE
FTI,TechnipFMC plc Ordinary Share,NYSE
FTK,"Flotek Industries, Inc. Common Stock",NYSE
FTS,Fortis Inc. Common Shares,NYSE
FTV,Fortive Corporation Common Stock ,NYSE
FTW,Presidio Production Company Class A Common Stock,NYSE
FUBO,FuboTV Inc. Class A Common Stock,NYSE
FUL,H. B. Fuller Company Common Stock,NYSE
FUN,Six Flags Entertainment Corporation Common Stock New,NYSE
FVR,"FrontView REIT, Inc. Common Stock",NYSE
FVRR,"Fiverr International Ltd. Ordinary Shares, no par value",NYSE
G,Genpact Limited Common Stock,NYSE
GAB,"Gabelli Equity Trust, Inc. (The) Common Stock",NYSE
GAM,"General American Investors, Inc. Common Stock",NYSE
GAP,"Gap, Inc. (The) Common Stock",NYSE
GATX,GATX Corporation Common Stock,NYSE
GBCI,"Glacier Bancorp, Inc. Common Stock",NYSE
GBTG,"Global Business Travel Group, Inc. Class A Common Stock",NYSE
GBX,"Greenbrier Companies, Inc. (The) Common Stock",NYSE
GCO,Genesco Inc. Common Stock,NYSE
GCTS,"GCT Semiconductor Holding, Inc. Common Stock",NYSE
GCV,"Gabelli Convertible and Income Securities Fund, Inc. (The) Common Stock",NYSE
GD,General Dynamics Corporation Common Stock,NYSE
GDDY,GoDaddy Inc. Class A Common Stock,NYSE
GDOT,"Green Dot Corporation Class A Common Stock, $0.001 par value",NYSE
GE,GE Aerospace Common Stock,NYSE
GEF,Greif Inc. Class A Common Stock,NYSE
GEF.B,"Greif, Inc. Corporation Class B Common Stock",NYSE
GENI,Genius Sports Limited Ordinary Shares,NYSE
GEO,Geo Group Inc (The) REIT,NYSE
GETY,"Getty Images Holdings, Inc. Class A Common Stock",NYSE
GEV,GE Vernova Inc. Common Stock,NYSE
GF,"New Germany Fund, Inc. (The) Common Stock",NYSE
GFF,Griffon Corporation Common Stock,NYSE
GFL,"GFL Environmental Inc. Subordinate voting shares, no par value",NYSE
GFR,Greenfire Resources Ltd. Common Shares,NYSE
GGB,Gerdau S.A. Common Stock,NYSE
GGG,Graco Inc. Common Stock,NYSE
GGT,"Gabelli Multi-Media Trust, Inc. (The) Common Stock",NYSE
GHC,Graham Holdings Company Common Stock,NYSE
GHM,Graham Corporation Common Stock,NYSE
GHY,"PGIM Global High Yield Fund, Inc.",NYSE
GIB,CGI Inc. Common Stock,NYSE
GIC,Global Industrial Company Common Stock,NYSE
GIL,"Gildan Activewear, Inc. Class A Sub. Vot. Common Stock",NYSE
GIS,"General Mills, Inc. Common Stock",NYSE
GJH,Synthetic Fixed-Income Securities Inc 6.375% (STRATS) Cl A-1,NYSE
GJO,"Synthetic Fixed-Income Securities, Inc. on behalf of STRATS(SM) Trust for Wal-Mart Stores, Inc. Securities, Series 2004-5",NYSE
GJP,"Synthetic Fixed-Income Securities, Inc. on behalf of STRATS (SM) Trust for Dominion Resources, Inc. Securities, Series 2005-6, Floating Rate Structured Repackaged Asset-Backed Trust Securities (STRATS) Certificates",NYSE
GJR,"Synthetic Fixed-Income Securities, Inc. STRATS Trust for Procter&Gamble Securities, Series 2006-1",NYSE
GJS,"Goldman Sachs Group Securities STRATS Trust for Goldman Sachs Group Securities, Series 2006-2",NYSE
GJT,"Synthetic Fixed-Income Securities, Inc. Floating Rate Structured Repackaged Asset-Backed Trust Securities Certificates, Series 2006-3",NYSE
GKOS,Glaukos Corporation Common Stock,NYSE
GL,Globe Life Inc. Common Stock,NYSE
GLAS,Glass House Brands Inc. Subordinate Voting Shares,NYSE
GLOB,Globant S.A. Common Shares,NYSE
GLW,Corning Incorporated Common Stock,NYSE
GM,General Motors Company Common Stock,NYSE
GME,GameStop Corporation Common Stock,NYSE
GMED,"Globus Medical, Inc. Class A Common Stock",NYSE
GMRS,GMR Solutions Inc. Class A Common Stock,NYSE
GNE,Genie Energy Ltd. Class B Common Stock Stock,NYSE
GNK,Genco Shipping & Trading Limited Ordinary Shares New (Marshall Islands),NYSE
GNL,"Global Net Lease, Inc. Common Stock",NYSE
GNRC,Generac Holdlings Inc. Common Stock,NYSE
GNT,"GAMCO Natural Resources, Gold & Income Trust",NYSE
GNW,Genworth Financial Inc Common Stock,NYSE
GOLD,"Gold.com, Inc. Common Stock",NYSE
GOLF,Acushnet Holdings Corp. Common Stock,NYSE
GOOS,Canada Goose Holdings Inc. Subordinate Voting Shares,NYSE
GPC,Genuine Parts Company Common Stock,NYSE
GPGI,"GPGI, Inc. Class A Common Stock",NYSE
GPI,"Group 1 Automotive, Inc. Common Stock",NYSE
GPK,Graphic Packaging Holding Company,NYSE
GPMT,Granite Point Mortgage Trust Inc. Common Stock,NYSE
GPN,Global Payments Inc. Common Stock,NYSE
GPOR,Gulfport Energy Corporation Common Shares,NYSE
GPRK,Geopark Ltd Common Shares,NYSE
GRBK,"Green Brick Partners, Inc. Common Stock",NYSE
GRC,Gorman-Rupp Company (The) Common Stock,NYSE
GRDN,"Guardian Pharmacy Services, Inc. Class A Common Stock",NYSE
GRMN,Garmin Ltd. Common Stock (Switzerland),NYSE
GRND,Grindr Inc. Common Stock,NYSE
GRNT,"Granite Ridge Resources, Inc. Common Stock",NYSE
GROV,"Grove Collaborative Holdings, Inc. Class A Common Stock",NYSE
GS,"Goldman Sachs Group, Inc. (The) Common Stock",NYSE
GSBD,"Goldman Sachs BDC, Inc. Common Stock",NYSE
GSL,Global Ship Lease Inc New Class A Common Shares,NYSE
GTES,Gates Industrial Corporation Ltd. Common Shares,NYSE
GTN,"Gray Media, Inc. Common Stock",NYSE
GTN.A,"Gray Media, Inc. Class A Common Stock",NYSE
GTY,Getty Realty Corporation Common Stock,NYSE
GUT,Gabelli Utility Trust (The) Common Stock,NYSE
GVA,Granite Construction Incorporated Common Stock,NYSE
GWH,"ESS Tech, Inc. Common Stock",NYSE
GWRE,"Guidewire Software, Inc. Common Stock",NYSE
GWW,"W.W. Grainger, Inc. Common Stock",NYSE
GXO,"GXO Logistics, Inc. Common Stock ",NYSE
H,Hyatt Hotels Corporation Class A Common Stock,NYSE
HAE,Haemonetics Corporation Common Stock,NYSE
HAFN,Hafnia Limited Common Shares,NYSE
HAL,Halliburton Company Common Stock,NYSE
HASI,"HA Sustainable Infrastructure Capital, Inc. Common Stock",NYSE
HAWK,"HawkEye 360, Inc. Common Stock",NYSE
HAYW,"Hayward Holdings, Inc. Common Stock",NYSE
HBB,Hamilton Beach Brands Holding Company Class A Common Stock ,NYSE
HBM,Hudbay Minerals Inc. Ordinary Shares (Canada),NYSE
HCA,"HCA Healthcare, Inc. Common Stock",NYSE
HCC,"Warrior Met Coal, Inc. Common Stock",NYSE
HCI,"HCI Group, Inc. Common Stock",NYSE
HD,"Home Depot, Inc. (The) Common Stock",NYSE
HDB,HDFC Bank Limited Common Stock,NYSE
HE,"Hawaiian Electric Industries, Inc. Common Stock",NYSE
HEI,Heico Corporation Common Stock,NYSE
HEI.A,Heico Corporation Common Stock,NYSE
HESM,Hess Midstream LP Class A Representing Limited Partner Interests,NYSE
HG,"Hamilton Insurance Group, Ltd. Class B Common Shares",NYSE
HGLB,Highland Global Allocation Fund Common Stock,NYSE
HGTY,"Hagerty, Inc. Class A Common Stock",NYSE
HGV,Hilton Grand Vacations Inc. Common Stock ,NYSE
HHH,Howard Hughes Holdings Inc. Common Stock,NYSE
HIG,"The Hartford Insurance Group, Inc. Common Stock",NYSE
HII,"Huntington Ingalls Industries, Inc. Common Stock",NYSE
HIMS,"Hims & Hers Health, Inc. Class A Common Stock",NYSE
HIPO,Hippo Holdings Inc. Common Stock,NYSE
HIW,"Highwoods Properties, Inc. Common Stock",NYSE
HIX,Western Asset High Income Fund II Inc. Common Stock,NYSE
HL,Hecla Mining Company Common Stock,NYSE
HLF,Herbalife Ltd. Common Shares,NYSE
HLI,"Houlihan Lokey, Inc. Class A Common Stock",NYSE
HLIO,"Helios Technologies, Inc. Common Stock",NYSE
HLLY,Holley Inc. Common Stock,NYSE
HLT,Hilton Worldwide Holdings Inc. Common Stock ,NYSE
HLX,"Helix Energy Solutions Group, Inc. Common Stock",NYSE
HMC,"Honda Motor Company, Ltd. Common Stock",NYSE
HMN,Horace Mann Educators Corporation Common Stock,NYSE
HMY,Harmony Gold Mining Company Limited,NYSE
HNGE,"Hinge Health, Inc. Class A Common Stock",NYSE
HNI,HNI Corporation Common Stock,NYSE
HOG,"Harley-Davidson, Inc. Common Stock",NYSE
HOMB,"Home BancShares, Inc. Common Stock",NYSE
HOV,"Hovnanian Enterprises, Inc. Class A Common Stock",NYSE
HP,"Helmerich & Payne, Inc. Common Stock",NYSE
HPE,Hewlett Packard Enterprise Company Common Stock,NYSE
HPF,John Hancock Pfd Income Fund II Pfd Income Fund II,NYSE
HPP,"Hudson Pacific Properties, Inc. Common Stock",NYSE
HPQ,HP Inc. Common Stock,NYSE
HR,Healthcare Realty Trust Incorporated Common Stock,NYSE
HRB,"H&R Block, Inc. Common Stock",NYSE
HRI,Herc Holdings Inc. Common Stock ,NYSE
HRL,Hormel Foods Corporation Common Stock,NYSE
HRTG,"Heritage Insurance Holdings, Inc. Common Stock",NYSE
HSBC,"HSBC Holdings, plc. Common Stock",NYSE
HSHP,Himalaya Shipping Ltd. Common Shares,NYSE
HSY,The Hershey Company Common Stock,NYSE
HTB,"HomeTrust Bancshares, Inc. Common Stock",NYSE
HTGC,"Hercules Capital, Inc. Common Stock",NYSE
HTH,Hilltop Holdings Inc.,NYSE
HUBB,Hubbell Inc Common Stock,NYSE
HUBS,"HubSpot, Inc. Common Stock",NYSE
HUM,Humana Inc. Common Stock,NYSE
HUN,Huntsman Corporation Common Stock,NYSE
HVT,"Haverty Furniture Companies, Inc. Common Stock",NYSE
HVT.A,"Haverty Furniture Companies, Inc. Common Stock",NYSE
HWM,Howmet Aerospace Inc. Common Stock,NYSE
HXL,Hexcel Corporation Common Stock,NYSE
HY,"Hyster-Yale, Inc. Class A common stock",NYSE
HYT,"Blackrock Corporate High Yield Fund, Inc. Common Stock",NYSE
HZO,"MarineMax, Inc.  (FL) Common Stock",NYSE
IAG,Iamgold Corporation Ordinary Shares,NYSE
IBM,International Business Machines Corporation Common Stock,NYSE
IBN,ICICI Bank Limited Common Stock,NYSE
IBP,"Installed Building Products, Inc. Common Stock",NYSE
IBTA,"Ibotta, Inc. Class A Common Stock",NYSE
ICE,Intercontinental Exchange Inc. Common Stock,NYSE
ICL,ICL Group Ltd. Ordinary Shares,NYSE
IDA,"IDACORP, Inc. Common Stock",NYSE
IDT,IDT Corporation Class B Common Stock,NYSE
IEX,IDEX Corporation Common Stock,NYSE
IFF,"International Flavors & Fragrances, Inc. Common Stock",NYSE
IFN,"Aberdeen India Fund, Inc. Common Stock",NYSE
IFS,Intercorp Financial Services Inc. Common Shares,NYSE
IHD,Voya Emerging Markets High Income Dividend Equity Fund Common Shares,NYSE
IHS,IHS Holding Limited Ordinary Shares,NYSE
IIF,"Morgan Stanley India Investment Fund, Inc. Common Stock",NYSE
IIIN,"Insteel Industries, Inc. Common Stock",NYSE
IIM,Invesco Value Municipal Income Trust Common Stock,NYSE
IIPR,"Innovative Industrial Properties, Inc. Common Stock",NYSE
IMAX,Imax Corporation Common Stock,NYSE
INFQ,"Infleqtion, Inc. Common Stock",NYSE
ING,"ING Group, N.V. Common Stock",NYSE
INGM,Ingram Micro Holding Corporation Common Stock,NYSE
INGR,Ingredion Incorporated Common Stock,NYSE
INN,"Summit Hotel Properties, Inc. Common Stock",NYSE
INR,"Infinity Natural Resources, Inc. Class A Common Stock",NYSE
INSP,"Inspire Medical Systems, Inc. Common Stock",NYSE
INSW,"International Seaways, Inc. Common Stock ",NYSE
INVH,Invitation Homes Inc. Common Stock,NYSE
INVX,"Innovex International, Inc. Common Stock",NYSE
IONQ,"IonQ, Inc. Common Stock",NYSE
IOT,Samsara Inc. Class A Common Stock,NYSE
IP,International Paper Company Common Stock,NYSE
IPI,"Intrepid Potash, Inc Common Stock",NYSE
IQI,Invesco Quality Municipal Income Trust Common Stock,NYSE
IQV,"IQVIA Holdings, Inc. Common Stock",NYSE
IR,Ingersoll Rand Inc. Common Stock,NYSE
IRM,Iron Mountain Incorporated (Delaware)Common Stock REIT,NYSE
IRT,"Independence Realty Trust, Inc. Common Stock",NYSE
IT,"Gartner, Inc. Common Stock",NYSE
ITGR,Integer Holdings Corporation Common Stock,NYSE
ITT,ITT Inc. Common Stock ,NYSE
ITW,Illinois Tool Works Inc. Common Stock,NYSE
IVR,INVESCO MORTGAGE CAPITAL INC Common Stock,NYSE
IVT,InvenTrust Properties Corp. Common Stock,NYSE
IVZ,Invesco Ltd Common Stock,NYSE
J,Jacobs Solutions Inc. Common Stock,NYSE
JAN,"Janus Living, Inc. Class A-1 Common Stock",NYSE
JBGS,JBG SMITH Properties Common Shares ,NYSE
JBI,"Janus International Group, Inc. Common Stock",NYSE
JBK,Lehman ABS 3.50 3.50% Adjustable Corp Backed Tr Certs GS Cap I,NYSE
JBL,Jabil Inc. Common Stock,NYSE
JBS,JBS N.V. Class A Common Shares,NYSE
JBTM,JBT Marel Corporation Common Stock,NYSE
JCI,Johnson Controls International plc Ordinary Share,NYSE
JEF,Jefferies Financial Group Inc. Common Stock,NYSE
JELD,"JELD-WEN Holding, Inc. Common Stock",NYSE
JFR,Nuveen Floating Rate Income Fund Common Stock,NYSE
JHI,John Hancock Investors Trust Common Stock,NYSE
JHS,John Hancock Income Securities Trust Common Stock,NYSE
JHX,James Hardie Industries plc. Ordinary Shares,NYSE
JILL,"J. Jill, Inc. Common Stock",NYSE
JLL,Jones Lang LaSalle Incorporated Common Stock,NYSE
JLS,Nuveen Mortgage and Income Fund,NYSE
JMKE,Jersey Mike's Subs Inc. Class A Common Stock,NYSE
JMM,Nuveen Multi-Market Income Fund (MA),NYSE
JNJ,Johnson & Johnson Common Stock,NYSE
JOBY,"Joby Aviation, Inc. Common Stock",NYSE
JOE,St. Joe Company (The) Common Stock,NYSE
JOF,Japan Smaller Capitalization Fund Inc Common Stock,NYSE
JPM,JP Morgan Chase & Co. Common Stock,NYSE
JXN,Jackson Financial Inc. Class A Common Stock ,NYSE
KAI,Kadant Inc Common Stock,NYSE
KB,KB Financial Group Inc,NYSE
KBDC,"Kayne Anderson BDC, Inc. Common Stock",NYSE
KBH,KB Home Common Stock,NYSE
KBR,"KBR, Inc. Common Stock",NYSE
KD,"Kyndryl Holdings, Inc. Common Stock",NYSE
KEN,Kenon Holdings Ltd. Ordinary Shares,NYSE
KEP,Korea Electric Power Corporation Common Stock,NYSE
KEX,Kirby Corporation Common Stock,NYSE
KEY,KeyCorp Common Stock,NYSE
KEYS,Keysight Technologies Inc. Common Stock,NYSE
KF,"Korea Fund, Inc. (The) New Common Stock",NYSE
KFRC,"Kforce, Inc. Common Stock",NYSE
KFY,Korn Ferry Common Stock,NYSE
KGC,Kinross Gold Corporation Common Stock,NYSE
KGS,"Kodiak Gas Services, Inc. Common Stock",NYSE
KIM,Kimco Realty Corporation (HC) Common Stock,NYSE
KKR,KKR & Co. Inc. Common Stock,NYSE
KLAR,Klarna Group plc Ordinary Shares,NYSE
KLC,"KinderCare Learning Companies, Inc. Common Stock",NYSE
KMI,"Kinder Morgan, Inc. Common Stock",NYSE
KMPR,Kemper Corporation,NYSE
KMT,Kennametal Inc. Common Stock,NYSE
KMX,CarMax Inc,NYSE
KN,Knowles Corporation Common Stock,NYSE
KNF,Knife Riv Holding Co. Common Stock,NYSE
KNSL,"Kinsale Capital Group, Inc. Common Stock",NYSE
KNTK,Kinetik Holdings Inc. Class A Common Stock,NYSE
KNX,Knight-Swift Transportation Holdings Inc.,NYSE
KO,Coca-Cola Company (The) Common Stock,NYSE
KODK,Eastman Kodak Company Common New,NYSE
KOP,Koppers Holdings Inc. Common Stock,NYSE
KOS,Kosmos Energy Ltd. Common Shares (DE),NYSE
KPET,KPET Ultra Paceline Corporation Class A Ordinary Shares,NYSE
KR,Kroger Company (The) Common Stock,NYSE
KRC,Kilroy Realty Corporation Common Stock,NYSE
KREF,KKR Real Estate Finance Trust Inc. Common Stock,NYSE
KRG,Kite Realty Group Trust Common Stock,NYSE
KRMN,Karman Holdings Inc. Common Stock,NYSE
KRO,Kronos Worldwide Inc Common Stock,NYSE
KSS,Kohl's Corporation Common Stock,NYSE
KT,KT Corporation Common Stock,NYSE
KTB,"Kontoor Brands, Inc. Common Stock ",NYSE
KTF,DWS Municipal Income Trust,NYSE
KTN,Structured Products Corp 8.205% CorTS 8.205% Corporate Backed Trust Securities (CorTS),NYSE
KVUE,Kenvue Inc. Common Stock,NYSE
KVYO,"Klaviyo, Inc. Series A Common Stock",NYSE
KWR,Quaker Houghton Common Stock,NYSE
KWY,Kingsway Corporation Common Stock,NYSE
KYN,"Kayne Anderson Energy Infrastructure Fund, Inc.",NYSE
L,Loews Corporation Common Stock,NYSE
LAC,Lithium Americas Corp. Common Shares,NYSE
LAD,"Lithia Motors, Inc. Common Stock",NYSE
LADR,Ladder Capital Corp Class A Common Stock,NYSE
LANV,Lanvin Group Holdings Limited Ordinary Shares,NYSE
LAR,Lithium Argentina AG Common Shares,NYSE
LAW,"CS Disco, Inc. Common Stock",NYSE
LAZ,"Lazard, Inc. Common Stock",NYSE
LB,LandBridge Company LLC Class A Shares Representing Limited Liability Company Interests,NYSE
LBRT,Liberty Energy Inc. Class A common stock,NYSE
LCII,LCI Industries,NYSE
LCLN,"Lincoln International, Inc. Class A Common Stock",NYSE
LDI,"loanDepot, Inc. Class A Common Stock",NYSE
LDOS,"Leidos Holdings, Inc. Common Stock",NYSE
LEA,Lear Corporation Common Stock,NYSE
LEG,"Leggett & Platt, Incorporated Common Stock",NYSE
LEN,Lennar Corporation Class A Common Stock,NYSE
LEN.B,Lennar Corporation Class B,NYSE
LEO,"BNY Mellon Strategic Municipals, Inc. Common Stock",NYSE
LEU,Centrus Energy Corp. Class A Common Stock,NYSE
LEVI,Levi Strauss & Co Class A Common Stock,NYSE
LFT,"Lument Finance Trust, Inc. Common Stock",NYSE
LGI,Lazard Global Total Return and Income Fund Common Stock,NYSE
LH,Labcorp Holdings Inc. Common Stock,NYSE
LHX,"L3Harris Technologies, Inc. Common Stock",NYSE
LII,"Lennox International, Inc. Common Stock",NYSE
LION,Lionsgate Studios Corp Common Shares,NYSE
LLY,Eli Lilly and Company Common Stock,NYSE
LMND,"Lemonade, Inc. Common Stock",NYSE
LMT,Lockheed Martin Corporation Common Stock,NYSE
LNC,Lincoln National Corporation Common Stock,NYSE
LND,Brasilagro Brazilian Agric Real Estate Co Sponsored ADR (Brazil),NYSE
LNG,"Cheniere Energy, Inc. Common Stock",NYSE
LNN,Lindsay Corporation Common Stock,NYSE
LOAR,Loar Holdings Inc. Common Stock,NYSE
LOB,"Live Oak Bancshares, Inc. Common Stock",NYSE
LOCL,Local Bounti Corporation Common Stock,NYSE
LOMA,Loma Negra Compania Industrial Argentina Sociedad Anonima ADS,NYSE
LOW,"Lowe's Companies, Inc. Common Stock",NYSE
LPG,Dorian LPG Ltd. Common Stock,NYSE
LPL,"LG Display Co, Ltd AMERICAN DEPOSITORY SHARES",NYSE
LPX,Louisiana-Pacific Corporation Common Stock,NYSE
LRN,"Stride, Inc. Common Stock",NYSE
LSPD,Lightspeed Commerce Inc. Subordinate Voting Shares,NYSE
LTC,"LTC Properties, Inc. Common Stock",NYSE
LTH,"Life Time Group Holdings, Inc. Common Stock",NYSE
LUCK,Lucky Strike Entertainment Corporation Class A Common Stock,NYSE
LUMN,"Lumen Technologies, Inc. Common Stock",NYSE
LUV,Southwest Airlines Company Common Stock,NYSE
LVS,Las Vegas Sands Corp. Common Stock,NYSE
LVWR,"LiveWire Group, Inc. Common Stock",NYSE
LW,"Lamb Weston Holdings, Inc. Common Stock ",NYSE
LXFR,Luxfer Holdings PLC Ordinary Shares,NYSE
LXP,LXP Industrial Trust Common Stock (Maryland REIT),NYSE
LXU,"LSB Industries, Inc. Common Stock",NYSE
LYB,LyondellBasell Industries NV Ordinary Shares Class A (Netherlands),NYSE
LYV,"Live Nation Entertainment, Inc. Common Stock",NYSE
LZB,La-Z-Boy Incorporated Common Stock,NYSE
LZM,Lifezone Metals Limited Ordinary Shares,NYSE
M,Macy's Inc Common Stock,NYSE
MA,Mastercard Incorporated Common Stock,NYSE
MAC,Macerich Company (The) Common Stock,NYSE
MAGN,Magnera Corporation Common Stock,NYSE
MAIN,Main Street Capital Corporation Common Stock,NYSE
MAIR,Madison Air Solutions Corporation Class A Common Stock,NYSE
MAN,ManpowerGroup Common Stock,NYSE
MANE,"Veradermics, Incorporated Common Stock",NYSE
MAS,Masco Corporation Common Stock,NYSE
MATV,"Mativ Holdings, Inc. Common Stock",NYSE
MATX,"Matson, Inc. Common Stock",NYSE
MAX,"MediaAlpha, Inc. Class A Common Stock",NYSE
MBC,"MasterBrand, Inc. Common Stock",NYSE
MBGL,Mobility Global Inc. Common Stock,NYSE
MBI,MBIA Inc. Common Stock,NYSE
MC,Moelis & Company Class A Common Stock,NYSE
MCB,Metropolitan Bank Holding Corp. Common Stock,NYSE
MCD,McDonald's Corporation Common Stock,NYSE
MCI,Barings Corporate Investors Common Stock,NYSE
MCK,McKesson Corporation Common Stock,NYSE
MCN,XAI Madison Equity Premium Income Fund Common Shares,NYSE
MCO,Moody's Corporation Common Stock,NYSE
MCS,Marcus Corporation (The) Common Stock,NYSE
MCY,Mercury General Corporation Common Stock,NYSE
MD,"Pediatrix Medical Group, Inc. Common Stock",NYSE
MDA,MDA Space Ltd. Common Shares,NYSE
MDT,Medtronic plc. Ordinary Shares,NYSE
MDU,"MDU Resources Group, Inc. Common Stock (Holding Company)",NYSE
MDV,"Modiv Industrial, Inc. Class C Common Stock",NYSE
MEC,"Mayville Engineering Company, Inc. Common Stock",NYSE
MED,MEDIFAST INC Common Stock,NYSE
MEGI,NYLI CBRE Global Infrastructure Megatrends Term Fund Common Shares,NYSE
MEI,"Methode Electronics, Inc. Common Stock",NYSE
MET,"MetLife, Inc. Common Stock",NYSE
MFA,"MFA Financial, Inc.",NYSE
MFC,Manulife Financial Corporation Common Stock,NYSE
MFG,"Mizuho Financial Group, Inc. Sponosred ADR (Japan)",NYSE
MG,Mistras Group Inc Common Stock,NYSE
MGA,"Magna International, Inc. Common Stock",NYSE
MGM,MGM Resorts International Common Stock,NYSE
MGY,Magnolia Oil & Gas Corporation Class A Common Stock,NYSE
MH,"McGraw Hill, Inc. Common Stock",NYSE
MHD,"Blackrock MuniHoldings Fund, Inc. Common Stock",NYSE
MHF,"Western Asset Municipal High Income Fund, Inc. Common Stock",NYSE
MHK,"Mohawk Industries, Inc. Common Stock",NYSE
MHO,"M/I Homes, Inc. Common Stock",NYSE
MIAX,"Miami International Holdings, Inc. Common Stock",NYSE
MICC,The Magnum Ice Cream Company N.V. Ordinary Shares,NYSE
MIR,"Mirion Technologies, Inc. Class A Common Stock",NYSE
MITT,"TPG Mortgage Investment Trust, Inc. Common Stock",NYSE
MIY,"Blackrock MuniYield Michigan Quality Fund, Inc. Common Stock",NYSE
MKC,"McCormick & Company, Incorporated Common Stock",NYSE
MKC.V,"McCormick & Company, Incorporated Common Stock",NYSE
MKL,Markel Group Inc. Common Stock,NYSE
MLI,"Mueller Industries, Inc. Common Stock",NYSE
MLM,"Martin Marietta Materials, Inc. Common Stock",NYSE
MLP,"Maui Land & Pineapple Company, Inc. Common Stock",NYSE
MLR,"Miller Industries, Inc. Common Stock",NYSE
MMI,"Marcus & Millichap, Inc. Common Stock",NYSE
MMM,3M Company Common Stock,NYSE
MMS,"Maximus, Inc. Common Stock",NYSE
MMU,"Western Asset Managed Municipals Fund, Inc. Common Stock",NYSE
MNTN,"MNTN, Inc. Class A Common Stock",NYSE
MO,"Altria Group, Inc.",NYSE
MOD,Modine Manufacturing Company Common Stock,NYSE
MOG.A,Moog Inc. Class A Common Stock,NYSE
MOG.B,Moog Inc. Class B Common Stock,NYSE
MOH,Molina Healthcare Inc Common Stock,NYSE
MOS,Mosaic Company (The) Common Stock,NYSE
MOV,Movado Group Inc. Common Stock,NYSE
MP,MP Materials Corp. Common Stock,NYSE
MPA,Blackrock MuniYield Pennsylvania Quality Fund Common Stock,NYSE
MPC,Marathon Petroleum Corporation Common Stock,NYSE
MPT,"Medical Properties Trust, Inc. common stock",NYSE
MPV,Barings Participation Investors Common Stock,NYSE
MQY,"Blackrock MuniYield Quality Fund, Inc. Common Stock",NYSE
MRK,"Merck & Company, Inc. Common Stock (new)",NYSE
MRP,"Millrose Properties, Inc. Class A Common Stock",NYSE
MRSH,Marsh Common Stock,NYSE
MS,Morgan Stanley Common Stock,NYSE
MSA,MSA Safety Incorporated Common Stock,NYSE
MSB,Mesabi Trust Common Stock,NYSE
MSCI,MSCI Inc. Common Stock,NYSE
MSD,"Morgan Stanley Emerging Markets Debt Fund, Inc. Common Stock",NYSE
MSDL,Morgan Stanley Direct Lending Fund Common Stock,NYSE
MSGE,Madison Square Garden Entertainment Corp. Class A Common Stock,NYSE
MSGS,Madison Square Garden Sports Corp. Class A Common Stock (New),NYSE
MSI,"Motorola Solutions, Inc. Common Stock",NYSE
MSIF,"MSC Income Fund, Inc. Common Stock",NYSE
MSM,"MSC Industrial Direct Company, Inc. Common Stock",NYSE
MT,Arcelor Mittal NY Registry Shares NEW,NYSE
MTB,M&T Bank Corporation Common Stock,NYSE
MTD,"Mettler-Toledo International, Inc. Common Stock",NYSE
MTDR,Matador Resources Company Common Stock,NYSE
MTG,MGIC Investment Corporation Common Stock,NYSE
MTH,Meritage Homes Corporation Common Stock,NYSE
MTN,"Vail Resorts, Inc. Common Stock",NYSE
MTNE,CH4 Natural Solutions Corporation Class A Ordinary Shares,NYSE
MTR,Mesa Royalty Trust Common Stock,NYSE
MTRN,Materion Corporation,NYSE
MTUS,Metallus Inc. Common Shares,NYSE
MTW,"Manitowoc Company, Inc. (The) Common Stock",NYSE
MTX,Minerals Technologies Inc. Common Stock,NYSE
MTZ,"MasTec, Inc. Common Stock",NYSE
MUA,"Blackrock MuniAssets Fund, Inc Common Stock",NYSE
MUC,"Blackrock MuniHoldings California Quality Fund, Inc.  Common Stock",NYSE
MUFG,"Mitsubishi UFJ Financial Group, Inc. Common Stock",NYSE
MUJ,"Blackrock MuniHoldings New Jersey Quality Fund, Inc. Common Stock",NYSE
MUR,Murphy Oil Corporation Common Stock,NYSE
MUSA,Murphy USA Inc. Common Stock,NYSE
MUX,McEwen Inc. Common Stock,NYSE
MWA,MUELLER WATER PRODUCTS Common Stock,NYSE
MX,Magnachip Semiconductor Corporation Common Stock,NYSE
MXE,"Mexico Equity and Income Fund, Inc. (The) Common Stock",NYSE
MXF,"Mexico Fund, Inc. (The) Common Stock",NYSE
MYE,"Myers Industries, Inc. Common Stock",NYSE
MYI,"Blackrock MuniYield Quality Fund III, Inc Common Stock",NYSE
MYN,"Blackrock MuniYield New York Quality Fund, Inc.Common Stock",NYSE
NABL,"N-able, Inc. Common Stock",NYSE
NAC,Nuveen California Quality Municipal Income Fund,NYSE
NAD,Nuveen Quality Municipal Income Fund Common Stock,NYSE
NAT,Nordic American Tankers Limited Common Stock,NYSE
NATL,NCR Atleos Corporation Common Stock,NYSE
NAZ,Nuveen Arizona Quality Municipal Income Fund Common Stock,NYSE
NBHC,National Bank Holdings Corporation Common Stock,NYSE
NBR,Nabors Industries Ltd.,NYSE
NBXG,Neuberger Next Generation Connectivity Fund Inc. Common Stock,NYSE
NC,"NACCO Industries, Inc. Common Stock",NYSE
NCA,Nuveen California Municipal Value Fund,NYSE
NCDL,Nuveen Churchill Direct Lending Corp. Common Stock,NYSE
NCLH,Norwegian Cruise Line Holdings Ltd. Ordinary Shares,NYSE
NE,Noble Corporation plc A Ordinary Shares,NYSE
NEE,"NextEra Energy, Inc. Common Stock",NYSE
NEM,Newmont Corporation,NYSE
NET,"Cloudflare, Inc. Class A Common Stock",NYSE
NEU,NewMarket Corp Common Stock,NYSE
NEXA,Nexa Resources S.A. Common Shares,NYSE
NFG,National Fuel Gas Company Common Stock,NYSE
NGS,"Natural Gas Services Group, Inc. Common Stock",NYSE
NGVC,"Natural Grocers by Vitamin Cottage, Inc. Common Stock",NYSE
NGVT,Ingevity Corporation Common Stock ,NYSE
NHI,"National Health Investors, Inc. Common Stock",NYSE
NI,NiSource Inc Common Stock,NYSE
NIC,Nicolet Bankshares Inc. Common Stock,NYSE
NIM,Nuveen Select Maturities Municipal Fund Common Stock,NYSE
NIQ,NIQ Global Intelligence plc Ordinary Shares,NYSE
NJR,NewJersey Resources Corporation Common Stock,NYSE
NKE,"Nike, Inc. Common Stock",NYSE
NKX,Nuveen California AMT-Free Quality Municipal Income Fund,NYSE
NL,"NLI Holdings, Inc. Common Stock",NYSE
NLY,Annaly Capital Management Inc. Common Stock,NYSE
NMAX,"Newsmax, Inc. Class B Common Stock",NYSE
NMG,Nouveau Monde Graphite Inc. Common Shares,NYSE
NMI,"Nuveen Municipal Income Fund, Inc. Common Stock",NYSE
NMS,Nuveen Minnesota Quality Municipal Income Fund ,NYSE
NMT,Nuveen Massachusetts Quality Municipal Income Fund Common Stock,NYSE
NNI,"Nelnet, Inc. Common Stock",NYSE
NNN,"NNN REIT, Inc. Common Stock",NYSE
NNY,Nuveen New York Municipal Value Fund Common Stock,NYSE
NOA,North American Construction Group Ltd. Common Shares (no par),NYSE
NOC,Northrop Grumman Corporation Common Stock,NYSE
NOG,"Northern Oil and Gas, Inc. Common Stock",NYSE
NOMD,Nomad Foods Limited Ordinary Shares,NYSE
NOV,NOV Inc. Common Stock,NYSE
NOW,"ServiceNow, Inc. Common Stock",NYSE
NP,Neptune Insurance Holdings Inc. Class A Common Stock,NYSE
NPB,"Northpointe Bancshares, Inc. Common Stock",NYSE
NPK,"National Presto Industries, Inc. Common Stock",NYSE
NPKI,NPK International Inc. Common Stock,NYSE
NPO,Enpro Inc. Common Stock,NYSE
NPV,Nuveen Virginia Quality Municipal Income Fund Common Stock,NYSE
NPWR,NET Power Inc. Class A Common Stock,NYSE
NRDY,Nerdy Inc. Class A Common Stock,NYSE
NREF,"NexPoint Real Estate Finance, Inc. Common Stock",NYSE
NRG,"NRG Energy, Inc. Common Stock",NYSE
NRGV,"Energy Vault Holdings, Inc. Common Stock",NYSE
NRK,Nuveen New York AMT-Free Quality Municipal Income Fund ,NYSE
NRP,Natural Resource Partners LP Limited Partnership,NYSE
NRT,North European Oil Royality Trust Common Stock,NYSE
NSC,Norfolk Southern Corporation Common Stock,NYSE
NSP,"Insperity, Inc. Common Stock",NYSE
NTB,Bank of N.T. Butterfield & Son Limited (The) Voting Ordinary Shares,NYSE
NTR,Nutrien Ltd. Common Shares,NYSE
NTST,NetSTREIT Corp. Common Stock,NYSE
NTZ,"Natuzzi, S.p.A.",NYSE
NU,Nu Holdings Ltd. Class A Ordinary Shares,NYSE
NUE,Nucor Corporation Common Stock,NYSE
NUS,"Nu Skin Enterprises, Inc. Common Stock",NYSE
NUV,"Nuveen Municipal Value Fund, Inc. Common Stock",NYSE
NUVB,Nuvation Bio Inc. Class A Common Stock,NYSE
NUW,Nuveen AMT-Free Municipal Value Fund,NYSE
NVG,Nuveen AMT-Free Municipal Credit Income Fund ,NYSE
NVGS,Navigator Holdings Ltd. Ordinary Shares (Marshall Islands),NYSE
NVO,Novo Nordisk A/S Common Stock,NYSE
NVR,"NVR, Inc. Common Stock",NYSE
NVRI,Enviri Corporation Common Stock,NYSE
NVS,Novartis AG Common Stock,NYSE
NVST,Envista Holdings Corporation Common Stock,NYSE
NVT,nVent Electric plc Ordinary Shares ,NYSE
NWN,Northwest Natural Holding Company Common Stock,NYSE
NX,Quanex Building Products Corporation Common Stock,NYSE
NXDR,"Nextdoor Holdings, Inc. Class A Common Stock",NYSE
NXDT,NexPoint Diversified Real Estate Trust Common Stock,NYSE
NXE,Nexgen Energy Ltd. Common Shares,NYSE
NXP,Nuveen Select Tax Free Income Portfolio Common Stock,NYSE
NXRT,"NexPoint Residential Trust, Inc. Common Stock",NYSE
NYC,American Strategic Investment Co. Class A Common Stock,NYSE
NYT,New York Times Company (The) Common Stock,NYSE
NZF,Nuveen Municipal Credit Income Fund ,NYSE
O,Realty Income Corporation Common Stock,NYSE
OBDC,Blue Owl Capital Corporation Common Stock,NYSE
OBK,"Origin Bancorp, Inc. Common Stock",NYSE
OC,Owens Corning Inc Common Stock New,NYSE
ODC,Oil-Dri Corporation Of America Common Stock,NYSE
OEC,Orion S.A. Common Shares,NYSE
OFG,OFG Bancorp Common Stock,NYSE
OFRM,"Once Upon a Farm, PBC Common Stock",NYSE
OGC,OceanaGold Corporation Common Shares,NYSE
OGE,OGE Energy Corp Common Stock,NYSE
OGG,Osisko Gold Group Inc. Common Shares,NYSE
OGN,Organon & Co. Common Stock ,NYSE
OGS,"ONE Gas, Inc. Common Stock",NYSE
OHI,"Omega Healthcare Investors, Inc. Common Stock",NYSE
OI,"O-I Glass, Inc. Common Stock",NYSE
OII,"Oceaneering International, Inc. Common Stock",NYSE
OIS,"Oil States International, Inc. Common Stock",NYSE
OKE,"ONEOK, Inc. Common Stock",NYSE
OKLO,Oklo Inc. Class A common stock,NYSE
OLN,Olin Corporation Common Stock,NYSE
OLP,"One Liberty Properties, Inc. Common Stock",NYSE
OMC,Omnicom Group Inc. Common Stock,NYSE
OMF,"OneMain Holdings, Inc. Common Stock",NYSE
ONIT,Onity Group Inc. Common Stock,NYSE
ONL,Orion Properties Inc. Common Stock,NYSE
ONON,On Holding AG Class A Ordinary Shares,NYSE
ONT,"Onterris, Inc. Common Stock",NYSE
ONTO,Onto Innovation Inc. Common Stock,NYSE
OOMA,"Ooma, Inc. Common Stock",NYSE
OPAD,Offerpad Solutions Inc. Class A Common Stock,NYSE
OPFI,OppFi Inc. Class A Common Stock,NYSE
OPLN,"OPENLANE, Inc. Common Stock",NYSE
OPTU,"Optimum Communications, Inc. Class A common stock",NYSE
OPY,"Oppenheimer Holdings, Inc. Class A Common Stock (DE)",NYSE
OR,OR Royalties Inc. Common Shares,NYSE
ORA,"Ormat Technologies, Inc. Common Stock",NYSE
ORC,"Orchid Island Capital, Inc. Common Stock",NYSE
ORCL,Oracle Corporation Common Stock,NYSE
ORI,Old Republic International Corporation Common Stock,NYSE
ORN,"Orion Group Holdings, Inc. Common",NYSE
OSCR,"Oscar Health, Inc. Class A Common Stock",NYSE
OSG,"Octave Specialty Group, Inc. Common Stock",NYSE
OSK,Oshkosh Corporation (Holding Company)Common Stock,NYSE
OTF,Blue Owl Technology Finance Corp. Common Stock,NYSE
OTIS,Otis Worldwide Corporation Common Stock ,NYSE
OUT,OUTFRONT Media Inc. Common Stock,NYSE
OVV,Ovintiv Inc. (DE),NYSE
OWL,Blue Owl Capital Inc. Class A Common Stock,NYSE
OWLT,"Owlet, Inc. Class A Common Stock",NYSE
OXM,"Oxford Industries, Inc. Common Stock",NYSE
OXY,Occidental Petroleum Corporation Common Stock,NYSE
P,"Everpure, Inc. Class A common stock",NYSE
PAAS,Pan American Silver Corp. Common Stock,NYSE
PAC,"Grupo Aeroportuario Del Pacifico, S.A. B. de C.V. Grupo Aeroportuario Del Pacifico, S.A. de C.V. (each representing 10 Series B shares)",NYSE
PACK,Ranpak Holdings Corp Class A Common Stock,NYSE
PACS,"PACS Group, Inc. Common Stock",NYSE
PAG,"Penske Automotive Group, Inc. Common Stock",NYSE
PAGS,PagSeguro Digital Ltd. Class A Common Shares,NYSE
PAI,Western Asset Investment Grade Income Fund Inc.,NYSE
PAM,Pampa Energia S.A.,NYSE
PAR,PAR Technology Corporation Common Stock,NYSE
PARR,"Par Pacific Holdings, Inc.  Common Stock",NYSE
PATH,"UiPath, Inc. Class A Common Stock",NYSE
PAY,"Paymentus Holdings, Inc. Class A Common Stock",NYSE
PAYC,"Paycom Software, Inc. Common Stock",NYSE
PB,"Prosperity Bancshares, Inc. Common Stock",NYSE
PBA,Pembina Pipeline Corp. Ordinary Shares (Canada),NYSE
PBF,PBF Energy Inc. Class A Common Stock,NYSE
PBH,Prestige Consumer Healthcare Inc. Common Stock,NYSE
PBI,Pitney Bowes Inc. Common Stock,NYSE
PBR,Petroleo Brasileiro S.A. Petrobras ADS,NYSE
PBT,Permian Basin Royalty Trust Common Stock,NYSE
PCF,High Income Securities Fund Common Stock,NYSE
PCG,Pacific Gas & Electric Co. Common Stock,NYSE
PCM,"PCM Fund, Inc. Common Stock",NYSE
PCN,Pimco Corporate & Income Strategy Fund Common Stock,NYSE
PCOR,"Procore Technologies, Inc. Common Stock",NYSE
PCQ,PIMCO California Municipal Income Fund Common Stock,NYSE
PD,"PagerDuty, Inc. Common Stock",NYSE
PDCC,Pearl Diver Credit Company Inc. Common Stock,NYSE
PDI,PIMCO Dynamic Income Fund Common Stock,NYSE
PDM,"Piedmont Realty Trust, Inc. Class A Common Stock",NYSE
PDS,Precision Drilling Corporation Common Stock,NYSE
PDT,John Hancock Premium Dividend Fund,NYSE
PEG,Public Service Enterprise Group Incorporated Common Stock,NYSE
PEN,"Penumbra, Inc. Common Stock",NYSE
PEO,"Adams Natural Resources Fund, Inc. Common Stock",NYSE
PERF,Perfect Corp. Class A Ordinary Share,NYSE
PEW,GrabAGun Digital Holdings Inc. Common Stock,NYSE
PFE,"Pfizer, Inc. Common Stock",NYSE
PFGC,Performance Food Group Company Common Stock,NYSE
PFLT,PennantPark Floating Rate Capital Ltd. Common Stock,NYSE
PFN,PIMCO Income Strategy Fund II,NYSE
PFS,"Provident Financial Services, Inc Common Stock",NYSE
PFSI,"PennyMac Financial Services, Inc. Common Stock",NYSE
PG,Procter & Gamble Company (The) Common Stock,NYSE
PGR,Progressive Corporation (The) Common Stock,NYSE
PH,Parker-Hannifin Corporation Common Stock,NYSE
PHG,Koninklijke Philips N.V. NY Registry Shares,NYSE
PHI,PLDT Inc. Sponsored ADR,NYSE
PHIN,PHINIA Inc. Common Stock,NYSE
PHK,Pimco High Income Fund,NYSE
PHM,"PulteGroup, Inc. Common Stock",NYSE
PHR,"Phreesia, Inc. Common Stock",NYSE
PII,Polaris Inc. Common Stock,NYSE
PINE,"Alpine Income Property Trust, Inc. Common Stock",NYSE
PINS,"Pinterest, Inc. Class A Common Stock",NYSE
PIPR,Piper Sandler Companies Common Stock,NYSE
PJT,PJT Partners Inc. Class A Common Stock,NYSE
PK,Park Hotels & Resorts Inc. Common Stock ,NYSE
PKE,Park Aerospace Corp. Common Stock,NYSE
PKG,Packaging Corporation of America Common Stock,NYSE
PL,Planet Labs PBC Class A Common Stock,NYSE
PLD,"Prologis, Inc. Common Stock",NYSE
PLGO,Pelagos Insurance Capital Limited Common Shares,NYSE
PLNT,"Planet Fitness, Inc. Common Stock",NYSE
PLOW,"Douglas Dynamics, Inc. Common Stock",NYSE
PM,Philip Morris International Inc Common Stock,NYSE
PNC,"PNC Financial Services Group, Inc. (The) Common Stock",NYSE
PNFP,"Pinnacle Financial Partners, Inc. Common stock",NYSE
PNNT,PennantPark Investment Corporation Common Stock,NYSE
PNR,Pentair plc. Ordinary Share,NYSE
PNW,Pinnacle West Capital Corporation Common Stock,NYSE
POR,Portland General Electric Co Common Stock,NYSE
POST,"Post Holdings, Inc. Common Stock",NYSE
PPG,"PPG Industries, Inc. Common Stock",NYSE
PPL,PPL Corporation Common Stock,NYSE
PR,Permian Resources Corporation Class A Common Stock,NYSE
PRG,"PROG Holdings, Inc. Common Stock",NYSE
PRGO,Perrigo Company plc Ordinary Shares,NYSE
PRI,"Primerica, Inc. Common Stock",NYSE
PRIM,Primoris Services Corporation Common Stock,NYSE
PRLB,"Proto Labs, Inc. Common stock",NYSE
PRM,"Perimeter Solutions, SA Common Stock",NYSE
PRMB,Primo Brands Corporation Class A Common Stock,NYSE
PRSU,"Pursuit Attractions and Hospitality, Inc. Common Stock",NYSE
PRU,"Prudential Financial, Inc. Common Stock",NYSE
PS,Pershing Square Inc. Common Stock,NYSE
PSA,Public Storage Common Stock,NYSE
PSBD,Palmer Square Capital BDC Inc. Common Stock,NYSE
PSFE,Paysafe Limited Common Shares,NYSE
PSN,Parsons Corporation Common Stock,NYSE
PSO,"Pearson, Plc Common Stock",NYSE
PSQH,"PSQ Holdings, Inc. Class A Common Stock",NYSE
PSTL,"Postal Realty Trust, Inc. Class A Common Stock",NYSE
PSUS,"Pershing Square USA, Ltd. Common Shares",NYSE
PSX,Phillips 66 Common Stock,NYSE
PUK,Prudential Public Limited Company Common Stock,NYSE
PUMP,ProPetro Holding Corp. Common Stock,NYSE
PVH,PVH Corp. Common Stock,NYSE
PWR,"Quanta Services, Inc. Common Stock",NYSE
PXED,"Phoenix Education Partners, Inc. Common Stock",NYSE
PYT,PPlus Tr GSC-2 Tr Ctf Fltg Rate,NYSE
Q,"Qnity Electronics, Inc. Common Stock",NYSE
QGEN,Qiagen N.V. Common Shares,NYSE
QSR,Restaurant Brands International Inc. Common Shares,NYSE
QTWO,"Q2 Holdings, Inc. Common Stock",NYSE
QUAD,"Quad Graphics, Inc Class A Common Stock",NYSE
QXO,"QXO, Inc. Common Stock",NYSE
R,"Ryder System, Inc. Common Stock",NYSE
RA,Brookfield Real Assets Income Fund Inc. Common Stock,NYSE
RACE,Ferrari N.V. Common Shares,NYSE
RAL,Ralliant Corporation Common Stock,NYSE
RAMP,"LiveRamp Holdings, Inc. Common Stock",NYSE
RBA,"RB Global, Inc. Common Stock",NYSE
RBC,RBC Bearings Incorporated Common Stock,NYSE
RBLX,Roblox Corporation Class A Common Stock,NYSE
RBRK,"Rubrik, Inc. Class A Common Stock",NYSE
RC,Ready Capital Corporation Common Stock,NYSE
RCI,"Rogers Communication, Inc. Common Stock",NYSE
RCL,Royal Caribbean Cruises Ltd. Common Stock,NYSE
RCS,"PIMCO Strategic Income Fund, Inc.",NYSE
RCUS,"Arcus Biosciences, Inc. Common Stock",NYSE
RDDT,"Reddit, Inc. Class A Common Stock",NYSE
RDN,Radian Group Inc. Common Stock,NYSE
RDW,Redwire Corporation Common Stock,NYSE
RDY,Dr. Reddy's Laboratories Ltd Common Stock,NYSE
REF,Reformation Inc. Common Stock,NYSE
RES,"RPC, Inc. Common Stock",NYSE
REX,REX American Resources Corporation,NYSE
REXR,"Rexford Industrial Realty, Inc. Common Stock",NYSE
REZI,"Resideo Technologies, Inc. Common Stock ",NYSE
REZI.V,"Resideo Technologies, Inc. Common Stock When-Issued",NYSE
RF,Regions Financial Corporation Common Stock,NYSE
RFI,"Cohen & Steers Total Return Realty Fund, Inc. Common Stock",NYSE
RFL,"Rafael Holdings, Inc. Class B Common Stock",NYSE
RFM,"RiverNorth Flexible Municipal Income Fund, Inc. Common Stock",NYSE
RFMZ,"RiverNorth Flexible Municipal Income Fund II, Inc. Common Stock",NYSE
RGA,"Reinsurance Group of America, Incorporated Common Stock",NYSE
RGR,"Sturm, Ruger & Company, Inc. Common Stock",NYSE
RGT,"Royce Global Trust, Inc. Common Stock",NYSE
RH,RH Common Stock,NYSE
RHI,Robert Half Inc. Common Stock,NYSE
RHLD,Resolute Holdings Management Common Stock ,NYSE
RHP,"Ryman Hospitality Properties, Inc. (REIT)",NYSE
RIG,Transocean Ltd (Switzerland) Common Stock,NYSE
RIO,Rio Tinto Plc Common Stock,NYSE
RITM,Rithm Capital Corp. Common Stock,NYSE
RJF,"Raymond James Financial, Inc. Common Stock",NYSE
RKT,"Rocket Companies, Inc. Class A Common Stock",NYSE
RL,Ralph Lauren Corporation Common Stock,NYSE
RLI,RLI Corp. Common Stock (DE),NYSE
RM,Regional Management Corp. Common Stock,NYSE
RMAX,"RE/MAX Holdings, Inc. Class A Common Stock",NYSE
RMD,ResMed Inc. Common Stock,NYSE
RMI,"RiverNorth Opportunistic Municipal Income Fund, Inc. Common Stock",NYSE
RMM,"RiverNorth Managed Duration Municipal Income Fund, Inc. Common Stock",NYSE
RMMZ,"RiverNorth Managed Duration Municipal Income Fund II, Inc. Common Stock",NYSE
RMT,"Royce Micro-Cap Trust, Inc. Common Stock",NYSE
RNG,"RingCentral, Inc. Class A Common Stock",NYSE
RNGR,"Ranger Energy Services, Inc. Class A Common Stock",NYSE
RNR,RenaissanceRe Holdings Ltd. Common Stock,NYSE
RNST,Renasant Corporation Common Stock,NYSE
ROG,Rogers Corporation Common Stock,NYSE
ROK,"Rockwell Automation, Inc. Common Stock",NYSE
ROL,"Rollins, Inc. Common Stock",NYSE
RPC,"Ridgepost Capital, Inc. Class A Common Stock",NYSE
RPM,RPM International Inc. Common Stock,NYSE
RPT,Rithm Property Trust Inc. Common stock,NYSE
RQI,Cohen & Steers Quality Income Realty Fund Inc Common Shares,NYSE
RRC,Range Resources Corporation Common Stock,NYSE
RRX,Regal Rexnord Corporation Common Stock,NYSE
RS,"Reliance, Inc. Common Stock",NYSE
RSF,RiverNorth Capital and Income Fund Common Stock,NYSE
RSG,"Republic Services, Inc. Common Stock",NYSE
RSI,"Rush Street Interactive, Inc. Class A Common Stock",NYSE
RSKD,Riskified Ltd. Class A Ordinary Shares,NYSE
RTX,RTX Corporation Common Stock,NYSE
RVLV,"Revolve Group, Inc. Class A Common Stock",NYSE
RVT,"Royce Small-Cap Trust, Inc. Common Stock",NYSE
RVTY,"Revvity, Inc. Common Stock",NYSE
RWT,"Redwood Trust, Inc. Common Stock",NYSE
RXO,"RXO, Inc. Common Stock",NYSE
RY,Royal Bank Of Canada Common Stock,NYSE
RYAM,Rayonier Advanced Materials Inc. Common Stock,NYSE
RYAN,"Ryan Specialty Holdings, Inc. Class A Common Stock",NYSE
RYN,Rayonier Inc. REIT Common Stock,NYSE
RYZ,Ryerson Holding Corporation Common Stock,NYSE
S,"SentinelOne, Inc. Class A Common Stock",NYSE
SA,"Seabridge Gold, Inc. Common Shares New",NYSE
SAFE,Safehold Inc. New Common Stock ,NYSE
SAH,"Sonic Automotive, Inc. Common Stock",NYSE
SAM,"Boston Beer Company, Inc. (The) Common Stock",NYSE
SAN,"Banco Santander, S.A. Sponsored ADR (Spain)",NYSE
SAP,SAP  SE ADS,NYSE
SAR,Saratoga Investment Corp New,NYSE
SARO,"StandardAero, Inc. Common Stock",NYSE
SB,"Safe Bulkers, Inc Common Stock ($0.001 par value)",NYSE
SBH,"Sally Beauty Holdings, Inc. (Name to be changed from Sally Holdings, Inc.) Common Stock",NYSE
SBI,Western Asset Intermediate Muni Fund Inc Common Stock,NYSE
SBR,Sabine Royalty Trust Common Stock,NYSE
SBSI,"Southside Bancshares, Inc. Common Stock",NYSE
SBSW,D/B/A Sibanye-Stillwater Limited ADS,NYSE
SBXD,SilverBox Corp IV Class A Ordinary Shares,NYSE
SBXE,SilverBox Corp V Class A Ordinary Shares,NYSE
SCCO,Southern Copper Corporation Common Stock,NYSE
SCD,LMP Capital and Income Fund Inc. Common Stock,NYSE
SCHW,Charles Schwab Corporation (The) Common Stock,NYSE
SCI,Service Corporation International Common Stock,NYSE
SCL,Stepan Company Common Stock,NYSE
SCM,Stellus Capital Investment Corporation Common Stock,NYSE
SD,"SandRidge Energy, Inc. Common Stock",NYSE
SDHC,Smith Douglas Homes Corp. Class A Common Stock,NYSE
SDRL,Seadrill Limited Common Shares,NYSE
SECZ,Securitize Corp. Common Stock,NYSE
SEG,Seaport Entertainment Group Inc. Common Stock,NYSE
SEI,"Solaris Energy Infrastructure, Inc. Class A Common Stock",NYSE
SES,SES AI Corporation Class A Common Stock,NYSE
SF,Stifel Financial Corporation Common Stock,NYSE
SFBS,"ServisFirst Bancshares, Inc. Common Stock",NYSE
SFL,SFL Corporation Ltd,NYSE
SG,"Sweetgreen, Inc. Class A Common Stock",NYSE
SGHC,Super Group (SGHC) Limited Ordinary Shares,NYSE
SGI,Somnigroup International Inc. Common Stock,NYSE
SGU,Star Group L.P. Common Stock,NYSE
SHAK,"Shake Shack, Inc. Class A Common Stock",NYSE
SHO,"Sunstone Hotel Investors, Inc. Sunstone Hotel Investors, Inc. Common Shares",NYSE
SHW,Sherwin-Williams Company (The) Common Stock,NYSE
SI,"Shoulder Innovations, Inc. Common Stock",NYSE
SID,Companhia Siderurgica Nacional S.A. Common Stock,NYSE
SIG,Signet Jewelers Limited Common Shares,NYSE
SII,Sprott Inc. Common Shares,NYSE
SIND,Sinda Ltd. Common Stock,NYSE
SITC,SITE Centers Corp. Common Stock,NYSE
SITE,"SiteOne Landscape Supply, Inc. Common Stock",NYSE
SJM,The J.M. Smucker Company Common Stock,NYSE
SJT,San Juan Basin Royalty Trust Common Stock,NYSE
SKE,Skeena Resources Limited Common Shares,NYSE
SKIL,Skillsoft Corp. Class A Common Stock,NYSE
SKM,"SK Telecom Co., Ltd. Common Stock",NYSE
SKT,Tanger Inc. Common Stock,NYSE
SKY,"Champion Homes, Inc. Common Stock",NYSE
SKYH,Sky Harbour Group Corporation Class A Common Stock,NYSE
SLB,SLB Limited Common Shares,NYSE
SLF,Sun Life Financial Inc. Common Stock,NYSE
SLG,SL Green Realty Corp Common Stock,NYSE
SLGN,Silgan Holdings Inc. Common Stock,NYSE
SLQT,"SelectQuote, Inc. Common Stock",NYSE
SLVM,Sylvamo Corporation Common Stock,NYSE
SM,SM Energy Company Common Stock,NYSE
SMA,"SmartStop Self Storage REIT, Inc. Common Stock",NYSE
SMBK,"SmartFinancial, Inc. Common Stock",NYSE
SMC,Summit Midstream Corporation Common Stock,NYSE
SMG,Scotts Miracle-Gro Company (The) Common Stock,NYSE
SMHI,SEACOR Marine Holdings Inc. Common Stock ,NYSE
SMP,"Standard Motor Products, Inc. Common Stock",NYSE
SMR,NuScale Power Corporation Class A Common Stock,NYSE
SMRT,"SmartRent, Inc. Class A Common Stock",NYSE
SMWB,Similarweb Ltd. Ordinary Shares,NYSE
SN,"SharkNinja, Inc. Ordinary Shares",NYSE
SNA,Snap-On Incorporated Common Stock,NYSE
SNAP,Snap Inc. Class A Common Stock,NYSE
SNDA,"Sonida Senior Living, Inc. Common Stock",NYSE
SNDR,"Schneider National, Inc. Common Stock",NYSE
SNN,"Smith & Nephew SNATS, Inc. Common Stock",NYSE
SNOW,Snowflake Inc. Common Stock,NYSE
SNX,TD SYNNEX Corporation Common Stock,NYSE
SO,Southern Company (The) Common Stock,NYSE
SOBO,South Bow Corporation Common Shares,NYSE
SOC,Sable Offshore Corp. Common Stock,NYSE
SOLV,Solventum Corporation Common Stock,NYSE
SON,Sonoco Products Company Common Stock,NYSE
SOR,"Source Capital, Inc. Cmn Shs of BI",NYSE
SOS,SOS Limited Class A Ordinary Shares,NYSE
SPB,"Spectrum Brands Holdings, Inc. Common Stock",NYSE
SPCE,"Virgin Galactic Holdings, Inc. Common Stock",NYSE
SPG,"Simon Property Group, Inc. Common Stock",NYSE
SPGI,S&P Global Inc. Common Stock,NYSE
SPH,"Suburban Propane Partners, L.P. Common Stock",NYSE
SPHR,Sphere Entertainment Co. Class A Common Stock,NYSE
SPIR,"Spire Global, Inc. Class A Common Stock",NYSE
SPMC,"Sound Point Meridian Capital, Inc. Common Stock",NYSE
SPNT,SiriusPoint Ltd. Common Shares,NYSE
SPOT,Spotify Technology S.A. Ordinary Shares,NYSE
SPRU,Spruce Power Holding Corporation Class A Common Stock,NYSE
SPXC,"SPX Technologies, Inc. Common Stock",NYSE
SPXX,Nuveen S&P 500 Dynamic Overwrite Fund,NYSE
SQM,Sociedad Quimica y Minera S.A. Common Stock,NYSE
SR,Spire Inc. Common Stock,NYSE
SRE,DBA Sempra Common Stock,NYSE
SRFM,Surf Air Mobility Inc. Common Stock,NYSE
SRG,Seritage Growth Properties Class A Common Stock,NYSE
SRI,"Stoneridge, Inc. Common Stock",NYSE
SRL,Scully Royalty Ltd.,NYSE
SSB,SouthState Bank Corporation Common Stock,NYSE
SSD,"Simpson Manufacturing Company, Inc. Common Stock",NYSE
SSMR,Sunshine Silver Mining & Refining Company Common Stock,NYSE
SST,"System1, Inc. Class A Common Stock",NYSE
SSTK,"Shutterstock, Inc. Common Stock",NYSE
ST,Sensata Technologies Holding plc Ordinary Shares,NYSE
STAG,"Stag Industrial, Inc. Common Stock",NYSE
STC,Stewart Information Services Corporation Common Stock,NYSE
STDN,"Standard Nuclear, Inc. Class A Common Stock",NYSE
STE,STERIS plc (Ireland) Ordinary Shares,NYSE
STEM,"Stem, Inc. Class A Common Stock",NYSE
STEW,"SRH Total Return Fund, Inc. Common Stock",NYSE
STK,Columbia Seligman Premium Technology Growth Fund Inc,NYSE
STLA,Stellantis N.V. Common Shares,NYSE
STM,STMicroelectronics N.V. Common Stock,NYSE
STN,Stantec Inc Common Stock,NYSE
STNG,Scorpio Tankers Inc. Common Shares,NYSE
STT,State Street Corporation Common Stock,NYSE
STUB,"StubHub Holdings, Inc. Class A Common Stock",NYSE
STVN,Stevanato Group S.p.A. Ordinary Shares,NYSE
STWD,"STARWOOD PROPERTY TRUST, INC. Starwood Property Trust Inc.",NYSE
STZ,"Constellation Brands, Inc. Common Stock",NYSE
SU,Suncor Energy  Inc. Common Stock,NYSE
SUNB,"Sunbelt Rentals Holdings, Inc. Common Stock",NYSE
SVV,"Savers Value Village, Inc. Common Stock",NYSE
SW,Smurfit WestRock plc Ordinary Shares,NYSE
SWK,"Stanley Black & Decker, Inc. Common Stock",NYSE
SWX,"Southwest Gas Holdings, Inc. Common Stock (DE)",NYSE
SWZ,Total Return Securities Fund Common Stock,NYSE
SXC,"SunCoke Energy, Inc. Common Stock",NYSE
SXI,Standex International Corporation Common Stock,NYSE
SXT,Sensient Technologies Corporation Common Stock,NYSE
SYF,Synchrony Financial Common Stock,NYSE
SYK,Stryker Corporation Common Stock,NYSE
SYY,Sysco Corporation Common Stock,NYSE
T,AT&T Inc.,NYSE
TAC,TransAlta Corporation Ordinary Shares,NYSE
TALO,"Talos Energy, Inc. Common Stock",NYSE
TAP,Molson Coors Beverage Company Class B Common Stock,NYSE
TAP.A,Molson Coors Beverage Company Class A Common Stock,NYSE
TBBB,BBB Foods Inc. Class A Common Shares,NYSE
TBI,"TrueBlue, Inc. Common Stock",NYSE
TBN,Tamboran Resources Corporation Common stock,NYSE
TCBX,"Third Coast Bancshares, Inc. Common Stock",NYSE
TCI,"Transcontinental Realty Investors, Inc. Common Stock",NYSE
TD,Toronto Dominion Bank (The) Common Stock,NYSE
TDAY,"USA TODAY Co., Inc. Common Stock",NYSE
TDC,Teradata Corporation Common Stock,NYSE
TDF,"Templeton Dragon Fund, Inc. Common Stock",NYSE
TDG,Transdigm Group Incorporated Common Stock,NYSE
TDOC,"Teladoc Health, Inc. Common Stock",NYSE
TDS,"Telephone and Data Systems, Inc. Common Shares",NYSE
TDW,Tidewater Inc. Common Stock,NYSE
TDY,Teledyne Technologies Incorporated Common Stock,NYSE
TE,T1 Energy Inc. Common Stock,NYSE
TECK,Teck Resources Ltd Ordinary Shares,NYSE
TEI,"Templeton Emerging Markets Income Fund, Inc. Common Stock",NYSE
TEL,TE Connectivity plc Ordinary Shares,NYSE
TEN,Tsakos Energy Navigation Ltd Common Shares,NYSE
TEO,Telecom Argentina SA,NYSE
TEX,Terex Corporation Common Stock,NYSE
TFC,Truist Financial Corporation Common Stock,NYSE
TFII,TFI International Inc. Common Shares,NYSE
TFIN,"Triumph Financial, Inc. Common Stock",NYSE
TFPM,Triple Flag Precious Metals Corp. Common Shares,NYSE
TFX,Teleflex Incorporated Common Stock,NYSE
TG,Tredegar Corporation Common Stock,NYSE
TGE,The Generation Essentials Group Class A Ordinary Shares,NYSE
TGLS,Tecnoglass Holdings Inc. Common Stock,NYSE
TGS,Transportadora de Gas del Sur SA TGS Common Stock,NYSE
TGT,Target Corporation Common Stock,NYSE
THC,Tenet Healthcare Corporation Common Stock,NYSE
THG,Hanover Insurance Group Inc,NYSE
THO,"Thor Industries, Inc. Common Stock",NYSE
TIC,"TIC Solutions, Inc. Common Stock",NYSE
TISI,"Team, Inc. Common Stock",NYSE
TJX,"TJX Companies, Inc. (The) Common Stock",NYSE
TK,Teekay Corporation Ltd. Common Stock,NYSE
TKC,Turkcell Iletisim Hizmetleri AS Common Stock,NYSE
TKO,"TKO Group Holdings, Inc. Class A Common Stock",NYSE
TKR,Timken Company (The) Common Stock,NYSE
TLK,"PT Telekomunikasi Indonesia, Tbk",NYSE
TLYS,"Tilly's, Inc. Common Stock",NYSE
TM,Toyota Motor Corporation Common Stock,NYSE
TMO,Thermo Fisher Scientific Inc Common Stock,NYSE
TNC,Tennant Company Common Stock,NYSE
TNET,"TriNet Group, Inc. Common Stock",NYSE
TNK,Teekay Tankers Ltd.,NYSE
TNL,Travel   Leisure Co. Common  Stock,NYSE
TOL,"Toll Brothers, Inc. Common Stock",NYSE
TOST,"Toast, Inc. Class A Common Stock",NYSE
TPB,"Turning Point Brands, Inc. Common Stock",NYSE
TPC,Tutor Perini Corporation Common Stock,NYSE
TPL,Texas Pacific Land Corporation Common Stock,NYSE
TPR,"Tapestry, Inc. Common Stock",NYSE
TPVG,TriplePoint Venture Growth BDC Corp. Common Stock,NYSE
TR,"Tootsie Roll Industries, Inc. Common Stock",NYSE
TRAK,"ReposiTrak, Inc. Common Stock",NYSE
TRC,Tejon Ranch Co Common Stock,NYSE
TREX,"Trex Company, Inc. Common Stock",NYSE
TRGP,"Targa Resources, Inc. Common Stock",NYSE
TRIN,Trinity Capital Inc. Common Stock,NYSE
TRLV,Trulieve Cannabis Corp. Subordinate Voting Shares,NYSE
TRN,"Trinity Industries, Inc. Common Stock",NYSE
TRNO,Terreno Realty Corporation Common Stock,NYSE
TROX,Tronox Holdings plc Ordinary Shares (UK),NYSE
TRP,TC Energy Corporation Common Stock,NYSE
TRTX,"TPG RE Finance Trust, Inc. Common Stock",NYSE
TRU,TransUnion Common Stock,NYSE
TRV,"The Travelers Companies, Inc. Common Stock",NYSE
TSI,"TCW Strategic Income Fund, Inc. Common Stock",NYSE
TSLX,"Sixth Street Specialty Lending, Inc. Common Stock",NYSE
TSM,Taiwan Semiconductor Manufacturing Company Ltd.,NYSE
TSN,"Tyson Foods, Inc. Common Stock",NYSE
TSQ,"Townsquare Media, Inc. Class A Common Stock",NYSE
TT,Trane Technologies plc,NYSE
TTAM,Titan America SA Common Shares,NYSE
TTC,Toro Company (The) Common Stock,NYSE
TTE,TotalEnergies SE Ordinary Shares,NYSE
TTI,"Tetra Technologies, Inc. Common Stock",NYSE
TU,Telus Corporation Ordinary Shares,NYSE
TV,Grupo Televisa S.A.B. Common Stock,NYSE
TVC,Tennessee Valley Authority Common Stock,NYSE
TVE,Tennessee Valley Authority,NYSE
TWI,"Titan International, Inc. (DE) Common Stock",NYSE
TWLO,Twilio Inc. Class A Common Stock,NYSE
TWN,"Taiwan Fund, Inc. (The) Common Stock",NYSE
TWO,Two Harbors Investment Corp,NYSE
TXNM,"TXNM Energy, Inc. Common Stock",NYSE
TXT,Textron Inc. Common Stock,NYSE
TY,Tri Continental Corporation Common Stock,NYSE
TYG,Tortoise Energy Infrastructure Corporation Common Stock,NYSE
TYL,"Tyler Technologies, Inc. Common Stock",NYSE
UA,"Under Armour, Inc. Class C Common Stock",NYSE
UAA,"Under Armour, Inc. Class A Common Stock",NYSE
UBER,"Uber Technologies, Inc. Common Stock",NYSE
UBS,UBS Group AG Registered Ordinary Shares,NYSE
UDR,"UDR, Inc. Common Stock",NYSE
UFI,"Unifi, Inc. New Common Stock",NYSE
UGI,UGI Corporation Common Stock,NYSE
UHAL,U-Haul Holding Company Common Stock,NYSE
UHAL.B,U-Haul Holding Company Series N Non-Voting Common Stock ,NYSE
UHS,"Universal Health Services, Inc. Common Stock",NYSE
UHT,Universal Health Realty Income Trust Common Stock,NYSE
UI,Ubiquiti Inc. Common Stock,NYSE
UIS,Unisys Corporation New Common Stock,NYSE
ULS,UL Solutions Inc. Class A Common Stock,NYSE
UMH,"UMH Properties, Inc. Common Stock",NYSE
UNF,Unifirst Corporation Common Stock,NYSE
UNM,Unum Group Common Stock,NYSE
UNP,Union Pacific Corporation Common Stock,NYSE
UP,Wheels Up Experience Inc. Class A Common Stock,NYSE
USA,Liberty All-Star Equity Fund Common Stock,NYSE
USB,U.S. Bancorp Common Stock,NYSE
USFD,US Foods Holding Corp. Common Stock,NYSE
USNA,"USANA Health Sciences, Inc. Common Stock",NYSE
USPH,"U.S. Physical Therapy, Inc. Common Stock",NYSE
UTF,"Cohen & Steers Infrastructure Fund, Inc Common Stock",NYSE
UTI,Universal Technical Institute Inc Common Stock,NYSE
UTZ,Utz Brands Inc Class A Common Stock ,NYSE
UVE,UNIVERSAL INSURANCE HOLDINGS INC Common Stock,NYSE
UVV,Universal Corporation Common Stock,NYSE
UWMC,UWM Holdings Corporation Class A Common Stock,NYSE
V,Visa Inc.,NYSE
VAC,Marriott Vacations Worldwide Corporation Common Stock,NYSE
VAL,Valaris Limited Common Shares,NYSE
VATE,INNOVATE Corp. Common Stock,NYSE
VCV,Invesco California Value Municipal Income Trust Common Stock,NYSE
VCX,"Fundrise Innovation Fund, LLC Common Shares of Limited Liability Company Interests",NYSE
VEEV,Veeva Systems Inc. Class A Common Stock,NYSE
VEL,"Velocity Financial, Inc. Common Stock",NYSE
VET,Vermilion Energy Inc. Common (Canada),NYSE
VFC,V.F. Corporation Common Stock,NYSE
VG,"Venture Global, Inc. Class A common stock",NYSE
VGM,Invesco Trust for Investment Grade Municipals Common Stock (DE),NYSE
VGNT,Versigent PLC Ordinary Shares,NYSE
VHI,"Valhi, Inc. Common Stock",NYSE
VIA,"Via Transportation, Inc. Class A Common Stock",NYSE
VICI,VICI Properties Inc. Common Stock,NYSE
VIK,Viking Holdings Ltd Ordinary Shares,NYSE
VIRT,"Virtu Financial, Inc. Class A Common Stock",NYSE
VKQ,Invesco Municipal Trust Common Stock,NYSE
VLN,Valens Semiconductor Ltd. Ordinary Shares,NYSE
VLO,Valero Energy Corporation Common Stock,NYSE
VLT,Invesco High Income Trust II,NYSE
VLTO,Veralto Corp Common Stock ,NYSE
VMC,Vulcan Materials Company (Holding Company) Common Stock,NYSE
VMI,"Valmont Industries, Inc. Common Stock",NYSE
VNO,Vornado Realty Trust Common Stock,NYSE
VNT,Vontier Corporation Common Stock ,NYSE
VOYA,"Voya Financial, Inc. Common Stock",NYSE
VOYG,"Voyager Technologies, Inc. Class A Common Stock",NYSE
VPG,"Vishay Precision Group, Inc. Common Stock",NYSE
VPV,Invesco Pennsylvania Value Municipal Income Trust Common Stock (DE),NYSE
VRT,"Vertiv Holdings, LLC Class A Common Stock",NYSE
VRTS,"Virtus Investment Partners, Inc. Common Stock",NYSE
VSH,"Vishay Intertechnology, Inc. Common Stock",NYSE
VST,Vistra Corp. Common Stock,NYSE
VSTS,Vestis Corporation Common Stock,NYSE
VSXY,Victorias Secret & Co. Common Stock ,NYSE
VTEX,VTEX Class A Common Shares,NYSE
VTN,Invesco Trust for Investment Grade New York Municipals Common Stock,NYSE
VTOL,"Bristow Group, Inc. Common Stock",NYSE
VTR,"Ventas, Inc. Common Stock",NYSE
VTS,"Vitesse Energy, Inc. Common Stock",NYSE
VVR,Invesco Senior Income Trust Common Stock (DE),NYSE
VVV,Valvoline Inc. Common Stock,NYSE
VVX,"V2X, Inc. Common Stock",NYSE
VYX,NCR Voyix Corporation Common Stock,NYSE
VZ,Verizon Communications Inc. Common Stock,NYSE
W,Wayfair Inc. Class A Common Stock,NYSE
WAB,Westinghouse Air Brake Technologies Corporation Common Stock,NYSE
WAL,Western Alliance Bancorporation Common Stock (DE),NYSE
WAT,Waters Corporation Common Stock,NYSE
WBI,WaterBridge Infrastructure LLC Class A Shares Representing Limited Liability Company Interests,NYSE
WBS,Webster Financial Corporation Common Stock,NYSE
WBX,Wallbox N.V. Class A Ordinary Shares,NYSE
WCC,"WESCO International, Inc. Common Stock",NYSE
WCN,"Waste Connections, Inc. Common Shares",NYSE
WD,"Walker & Dunlop, Inc Common Stock",NYSE
WEAV,"Weave Communications, Inc. Common Stock",NYSE
WEC,"WEC Energy Group, Inc. Common Stock",NYSE
WELL,Welltower Inc. Common Stock,NYSE
WENC,West Enclave Merger Corp. Ordinary Shares,NYSE
WEX,WEX Inc. common stock,NYSE
WFC,Wells Fargo & Company Common Stock,NYSE
WFG,West Fraser Timber Co. Ltd Common stock,NYSE
WGO,"Winnebago Industries, Inc. Common Stock",NYSE
WH,"Wyndham Hotels & Resorts, Inc. Common Stock ",NYSE
WHD,"Cactus, Inc. Class A Common Stock",NYSE
WHG,Westwood Holdings Group Inc Common Stock,NYSE
WHK,WhiteHawk Minerals Corp Class A Common Stock,NYSE
WHR,Whirlpool Corporation Common Stock,NYSE
WIA,Western Asset Inflation-Linked Income Fund,NYSE
WIT,Wipro Limited Common Stock,NYSE
WK,Workiva Inc. Class A Common Stock,NYSE
WKC,World Kinect Corporation Common Stock,NYSE
WLK,Westlake Corporation Common Stock,NYSE
WLY,"John Wiley & Sons, Inc. Common Stock",NYSE
WLYB,"John Wiley & Sons, Inc. Common Stock",NYSE
WM,"Waste Management, Inc. Common Stock",NYSE
WMB,"Williams Companies, Inc. (The) Common Stock",NYSE
WMK,"Weis Markets, Inc. Common Stock",NYSE
WMS,"Advanced Drainage Systems, Inc. Common Stock",NYSE
WNC,Wabash National Corporation Common Stock,NYSE
WOLF,"Wolfspeed, Inc. Common Stock New",NYSE
WOR,"Worthington Enterprises, Inc. Common Shares",NYSE
WPC,W. P. Carey Inc. REIT,NYSE
WPM,Wheaton Precious Metals Corp Common Shares (Canada),NYSE
WRB,W.R. Berkley Corporation Common Stock,NYSE
WRBY,Warby Parker Inc. Class A Common Stock,NYSE
WS,"Worthington Steel, Inc. Common Shares",NYSE
WSM,"Williams-Sonoma, Inc. Common Stock (DE)",NYSE
WSO,"Watsco, Inc. Common Stock",NYSE
WSO.B,"Watsco, Inc. Class B Common Stock",NYSE
WST,"West Pharmaceutical Services, Inc. Common Stock",NYSE
WT,"WisdomTree, Inc. Common Stock",NYSE
WTI,"W&T Offshore, Inc. Common Stock",NYSE
WTM,"White Mountains Insurance Group, Ltd. Common Stock",NYSE
WTRG,"Essential Utilities, Inc. Common Stock",NYSE
WTS,"Watts Water Technologies, Inc. Class A Common Stock",NYSE
WTTR,"Select Water Solutions, Inc. Class A common stock",NYSE
WU,Western Union Company (The) Common Stock,NYSE
WWW,"Wolverine World Wide, Inc. Common Stock",NYSE
WY,Weyerhaeuser Company Common Stock,NYSE
XFLH,XFLH Capital Corporation Ordinary Shares,NYSE
XHR,"Xenia Hotels & Resorts, Inc. Common Stock",NYSE
XOM,ExxonMobil Holdings Corporation Common Stock,NYSE
XPER,Xperi Inc. Common Stock ,NYSE
XPO,"XPO, Inc. Common Stock",NYSE
XPOF,"Xponential Fitness, Inc. Class A Common Stock",NYSE
XPRO,Expro Ltd Ordinary Shares,NYSE
XRN,Chiron Real Estate Inc. Common Stock,NYSE
XXI,"Twenty One Capital, Inc. Class A Common Stock",NYSE
XYL,Xylem Inc. Common Stock New,NYSE
XYZ,"Block, Inc. Class A Common Stock,",NYSE
XZO,"Exzeo Group, Inc. Common Stock",NYSE
YELP,Yelp Inc. Common Stock,NYSE
YETI,"YETI Holdings, Inc. Common Stock",NYSE
YEXT,"Yext, Inc. Common Stock",NYSE
YOU,"Clear Secure, Inc. Class A Common Stock",NYSE
YPF,YPF Sociedad Anonima Common Stock,NYSE
YSS,York Space Systems Inc. Common Stock,NYSE
YUM,"Yum! Brands, Inc.",NYSE
YUMC,"Yum China Holdings, Inc. Common Stock",NYSE
ZBH,"Zimmer Biomet Holdings, Inc. Common Stock",NYSE
ZETA,Zeta Global Holdings Corp. Class A Common Stock,NYSE
ZGN,Ermenegildo Zegna N.V. Ordinary Shares,NYSE
ZIM,ZIM Integrated Shipping Services Ltd. Ordinary Shares,NYSE
ZIP,"ZipRecruiter, Inc. Class A Common Stock",NYSE
ZTR,Virtus Total Return Fund Inc.,NYSE
ZTS,Zoetis Inc. Class A Common Stock,NYSE
ZVIA,Zevia PBC Class A Common Stock,NYSE
ZWS,Zurn Elkay Water Solutions Corporation Common Stock,NYSE
ACCS,ACCESS Newswire Inc. Common Stock,NYSE American
AEF,"abrdn Emerging Markets ex-China Fund, Inc. Common Stock",NYSE American
AEON,"AEON Biopharma, Inc. Class A Common Stock",NYSE American
AGIG,Abundia Global Impact Group Inc. Common stock,NYSE American
AIB,AIB Data Centers Inc. Common Stock,NYSE American
AIM,AIM ImmunoTech Inc. Common Stock,NYSE American
AIRI,Air Industries Group Common Stock,NYSE American
AMBO,Ambow Education Holding Ltd. American Depository Shares (each representing twenty (20) Class A Ordinary Shares),NYSE American
AMS,American Shared Hospital Services Common Stock,NYSE American
AMZE,"Amaze Holdings, Inc. Common Stock",NYSE American
APT,"Alpha Pro Tech, Ltd. Common Stock",NYSE American
APUS,"Apimeds Pharmaceuticals US, Inc. Common Stock",NYSE American
AREN,"The Arena Group Holdings, Inc. Common Stock",NYSE American
ARMP,"Armata Pharmaceuticals, Inc. Common Stock",NYSE American
ASM,Avino Silver & Gold Mines Ltd. Common Shares (Canada),NYSE American
ATCH,"AtlasClear Holdings, Inc. Common Stock",NYSE American
ATNM,"Actinium Pharmaceuticals, Inc. (Delaware) Common Stock",NYSE American
AUST,Austin Gold Corp. Common Shares,NYSE American
AWX,Avalon Holdings Corporation Common Stock,NYSE American
AXIL,"AXIL Brands, Inc. Common Stock",NYSE American
AZTR,Azitra Inc Common Stock,NYSE American
BATL,Battalion Oil Corporation Common Stock,NYSE American
BCHT,Birchtech Corp. Common Stock,NYSE American
BCV,"Bancroft Fund, Ltd.",NYSE American
BDL,"Flanigan's Enterprises, Inc. Common Stock",NYSE American
BESS,Bimergen Energy Corporation Common Stock,NYSE American
BGI,Birks Group Inc. Common Stock,NYSE American
BHB,"Bar Harbor Bankshares, Inc. Common Stock",NYSE American
BHM,"Bluerock Homes Trust, Inc. Class A Common Stock",NYSE American
BKTI,BK Technologies Corporation Common Stock,NYSE American
BQ,Boqii Holding Limited Class A Ordinary Shares,NYSE American
BRBS,"Blue Ridge Bankshares, Inc. Common Stock",NYSE American
BRIA,BrilliA Inc Class A Ordinary Shares,NYSE American
BRN,"Barnwell Industries, Inc. Common Stock",NYSE American
BTG,B2Gold Corp Common shares (Canada),NYSE American
BUDA,"Buda Juice, Inc. Common Stock",NYSE American
CATX,"Perspective Therapeutics, Inc. Common Stock",NYSE American
CCEL,"Cryo-Cell International, Inc. Common Stock",NYSE American
CET,Central Securities Corporation Common Stock,NYSE American
CHOW,ChowChow Cloud International Holdings Limited Ordinary Shares,NYSE American
CIK,"Credit Suisse Asset Management Income Fund, Inc. Common Stock",NYSE American
CITR,CitroTech Inc. Common Stock,NYSE American
CIX,CompX International Inc. Common Stock,NYSE American
CKX,"CKX Lands, Inc. Common Stock",NYSE American
CLDI,"Calidi Biotherapeutics, Inc. Common Stock",NYSE American
CLM,"Cornerstone Strategic Investment Fund, Inc. Common Shares",NYSE American
CMCL,Caledonia Mining Corporation Plc Common Shares,NYSE American
CMT,Core Molding Technologies Inc Common Stock,NYSE American
CNL,Collective Mining Ltd. Common Shares,NYSE American
COHN,Cohen & Company Inc.,NYSE American
COPR,Idaho Copper Corporation Common Stock,NYSE American
CPHI,"China Pharma Holdings, Inc. Common Stock",NYSE American
CRF,"Cornerstone Total Return Fund, Inc. (The) Common Stock",NYSE American
CTGO,Contango Silver & Gold Inc. Common Stock,NYSE American
CTM,"Castellum, Inc. Common Stock",NYSE American
CVM,Cel-Sci Corporation Common Stock,NYSE American
CVR,Chicago Rivet & Machine Co. Common Stock,NYSE American
CVU,"CPI Aerostructures, Inc. Common Stock",NYSE American
DC,Dakota Gold Corp. Common Stock,NYSE American
DDC,DDC Enterprise Limited Class A Ordinary Shares,NYSE American
DHY,Credit Suisse High Yield Credit Fund Common Stock,NYSE American
DIT,AMCON Distributing Company Common Stock,NYSE American
DNN,Denison Mines Corp Ordinary Shares (Canada),NYSE American
DSS,"DSS, Inc. Common Stock",NYSE American
ECF,Ellsworth Growth and Income Fund Ltd.,NYSE American
EGG,Enigmatig Limited Class A Ordinary Shares,NYSE American
ELA,Envela Corporation Common Stock,NYSE American
ELLO,Ellomay Capital Ltd Ordinary Shares (Israel),NYSE American
ELMD,"Electromed, Inc. Common Stock",NYSE American
EONR,EON Resources Inc. Class A Common Stock,NYSE American
EP,Empire Petroleum Corporation Common Stock,NYSE American
EPM,"Evolution Petroleum Corporation, Inc. Common Stock",NYSE American
EQX,Equinox Gold Corp. Common Shares,NYSE American
ERC,Allspring Multi-Sector Income Fund Common Stock,NYSE American
ERH,Allspring Utilities and High Income Fund Common Shares,NYSE American
ESP,Espey Mfg. & Electronics Corp. Common Stock,NYSE American
EVI,"EVI Industries, Inc.  Common Stock",NYSE American
EXOD,"Exodus Movement, Inc. Class A Common Stock",NYSE American
FAX,"abrdn Asia-Pacific Income Fund, Inc. Common Stock",NYSE American
FJET,"Starfighters Space, Inc. Common Stock",NYSE American
FLYX,"flyExclusive, Inc. Class A Common Stock",NYSE American
FSI,Flexible Solutions International Inc. Common Stock (CDA),NYSE American
FSP,Franklin Street Properties Corp. Common Stock,NYSE American
FURY,Fury Gold Mines Limited Common Shares,NYSE American
GAU,Galiano Gold Inc.,NYSE American
GBR,"New Concept Energy, Inc Common Stock",NYSE American
GCDT,Green Circle Decarbonize Technology Limited Ordinary Shares,NYSE American
GENC,"Gencor Industries, Inc. Common Stock",NYSE American
GGN,"GAMCO Global Gold, Natural Resources & Income Trust",NYSE American
GLDG,GoldMining Inc. Common Shares,NYSE American
GLU,Gabelli Global Utility Common Shares of Beneficial Ownership,NYSE American
GMTL,Guardian Metal Resources PLC ADS,NYSE American
GNS,Genius Group Limited Ordinary Shares,NYSE American
GORO,Goldgroup Mining Inc. Common Shares,NYSE American
GPUS,"Hyperscale Data, Inc. Common Stock",NYSE American
GRF,"Eagle Capital Growth Fund, Inc. Common Stock",NYSE American
GRO,Brazil Potash Corp. Common Shares,NYSE American
GROY,Gold Royalty Corp. Common Shares,NYSE American
GTE,Gran Tierra Energy Inc. Common Stock,NYSE American
HCWC,Healthy Choice Wellness Corp. Class A Common Stock,NYSE American
HSLV,Highlander Silver Corp. Common Shares,NYSE American
HYLN,Hyliion Holdings Corp. Class A Common Stock,NYSE American
IAF,"abrdn Australia Equity Fund, Inc. Common Stock",NYSE American
IAUX,i-80 Gold Corp. Common Shares,NYSE American
IBO,"Impact BioMedical, Inc. Common Stock",NYSE American
IDR,"Idaho Strategic Resources, Inc. Common Stock",NYSE American
IE,Ivanhoe Electric Inc. Common Stock,NYSE American
IGC,"IGC Pharma, Inc. Common Stock",NYSE American
IMC,IMC Rare Earths Ltd Ordinary Shares,NYSE American
IMO,Imperial Oil Limited Common Stock,NYSE American
INDO,Indonesia Energy Corporation Limited Ordinary Shares,NYSE American
INFU,"InfuSystems Holdings, Inc. Common Stock",NYSE American
INLX,"Intellinetics, Inc. Common Stock",NYSE American
INTT,inTest Corporation Common Stock,NYSE American
INUV,"Inuvo, Inc.",NYSE American
ISOU,IsoEnergy Ltd. Common Shares,NYSE American
ITP,"IT Tech Packaging, Inc. Common Stock",NYSE American
ITRG,Integra Resources Corp. Common Shares,NYSE American
JAGU,Jaguar Uranium Corp. Class A Common Shares,NYSE American
JOB,GEE Group Inc. Common Stock,NYSE American
KAPA,"Kairos Pharma, Ltd. Common Stock",NYSE American
KNRX,KNOREX LTD. Class A Ordinary Shares,NYSE American
KULR,"KULR Technology Group, Inc. Common Stock",NYSE American
LCTX,"Lineage Cell Therapeutics, Inc. Common Stock",NYSE American
LEGO,Legato Merger Corp. IV Ordinary Shares,NYSE American
LGCY,Legacy Education Inc. Common Stock,NYSE American
LGL,"LGL Group, Inc. (The) Common Stock",NYSE American
LGPS,LogProstyle Inc. Common Shares,NYSE American
LODE,Comstock Inc. Common Stock,NYSE American
LPA,Logistic Properties of the Americas Ordinary Shares,NYSE American
LSF,"Laird Superfood, Inc. Common Stock",NYSE American
LUD,Luda Technology Group Limited Ordinary Shares,NYSE American
MAIA,"MAIA Biotechnology, Inc. Common Stock",NYSE American
MCRP,Micropolis AI Robotics Ordinary Shares,NYSE American
MGLD,"The Marygold Companies, Inc. Common Stock",NYSE American
MHH,"Mastech Digital, Inc Common Stock",NYSE American
MI,NFT Limited Class A Ordinary Share,NYSE American
MINE,Mayfair Gold Corp. Common Shares,NYSE American
MITQ,"Moving iMage Technologies, Inc. Common Stock",NYSE American
MLSS,"Milestone Scientific, Inc. Common Stock",NYSE American
MMA,Mixed Martial Arts Group Limited Ordinary Shares,NYSE American
MPTI,"M-tron Industries, Inc. Common Stock",NYSE American
MPU,Mega Matrix Inc. Class A Ordinary Shares,NYSE American
MRT,"Marti Technologies, Inc. Class A Ordinary Shares",NYSE American
MSN,Emerson Radio Corporation Common Stock,NYSE American
MTA,Metalla Royalty & Streaming Ltd. Common Shares,NYSE American
MTNB,"Matinas Biopharma Holdings, Inc. Common Stock",NYSE American
MWG,Multi Ways Holdings Limited Class A Ordinary Shares,NYSE American
MXC,Mexco Energy Corporation Common Stock,NYSE American
MYO,Myomo Inc. Common Stock,NYSE American
NAK,"Northern Dynasty Minerals, Ltd. Common Stock",NYSE American
NBH,Neuberger Municipal Fund Inc. Common Stock,NYSE American
NCL,Northann Corp. Common Stock,NYSE American
NEWP,New Pacific Metals Corp. Common Shares,NYSE American
NFGC,New Found Gold Corp Common Shares,NYSE American
NG,Novagold Resources Inc.,NYSE American
NHC,National HealthCare Corporation Common Stock,NYSE American
NHS,Neuberger High Yield Strategies Fund Inc. Common Stock,NYSE American
NINE,"Nine Energy Service, Inc. Common Stock",NYSE American
NML,Neuberger Energy Infrastructure and Income Fund Inc. Common Stock,NYSE American
NNVC,"NanoViricides, Inc. Common Stock",NYSE American
NRO,Neuberger Real Estate Securities Income Fund Inc. Common Stock,NYSE American
NRXS,"Neuraxis, Inc. Common Stock",NYSE American
NSRX,Nasus Pharma Ltd. Ordinary Shares,NYSE American
NTIP,"Network-1 Technologies, Inc. Common Stock",NYSE American
NVA,Nova Minerals Corp Common Stock,NYSE American
NXB,NextBoat Inc. Common Stcok,NYSE American
OBE,Obsidian Energy Ltd. Common Shares,NYSE American
OGEN,Oragenics Inc. Common Stock,NYSE American
OPHC,"OptimumBank Holdings, Inc. Common Stock",NYSE American
OPTT,"Ocean Power Technologies, Inc. Common Stock",NYSE American
OSTX,OS Therapies Incorporated Common Stock,NYSE American
PAPL,Pineapple Financial Inc. Common Stock,NYSE American
PED,Pedevco Corp. Common Stock,NYSE American
PHGE,BiomX Inc. COmmon Stock,NYSE American
PLAG,Planet Green Holdings Corp. Common Stock,NYSE American
PLG,Platinum Group Metals Ltd. Ordinary Shares (Canada),NYSE American
PLX,"Protalix BioTherapeutics, Inc. (DE) Common Stock",NYSE American
PMI,"Picard Medical, Inc. Common Stock",NYSE American
POAS,Phaos Technology Holdings (Cayman) Limited Class A Ordinary Shares,NYSE American
PRK,Park National Corporation Common Stock,NYSE American
PTHS,Pelthos Therapeutics Inc. Common Stock,NYSE American
PW,Power REIT (MD) Common Stock,NYSE American
PZG,Paramount Gold Nevada Corp. Common Stock,NYSE American
QNC,Quantum eMotion Corp. Common Shares,NYSE American
RCG,"RENN Fund, Inc Common Stock",NYSE American
REA,"Rare Earths Americas, Inc. Common Stock",NYSE American
REED,"Reed's, Inc. Common Stock",NYSE American
REI,"Ring Energy, Inc. Common Stock",NYSE American
REPX,"Riley Exploration Permian, Inc. Common Stock",NYSE American
RGNT,Regentis Biomaterials Ltd. Ordinary Shares,NYSE American
RLGT,"Radiant Logistics, Inc. Common Stock",NYSE American
ROLR,"High Roller Technologies, Inc. Common Stock",NYSE American
RVP,"Retractable Technologies, Inc. Common Stock",NYSE American
RYDE,Ryde Group Ltd. Class A Ordinary Shares,NYSE American
SACH,Sachem Capital Corp. Common Shares,NYSE American
SBEV,"Splash Beverage Group, Inc. (NV) Common Stock",NYSE American
SBMT,Silver Bow Mining Corp. Common Shares,NYSE American
SDEV,Stablecoin Development Corporation Common Stock,NYSE American
SEB,Seaboard Corporation Common Stock,NYSE American
SER,"Serina Therapeutics, Inc. Common Stock",NYSE American
SIF,"SIFCO Industries, Inc. Common Stock",NYSE American
SLI,Standard Lithium Ltd. Common Shares,NYSE American
SLND,"Southland Holdings, Inc. Common Stock",NYSE American
SLSR,Solaris Resources Inc. Common Shares,NYSE American
SMJF,SMJ International Holdings Inc. Class A Ordinary Shares,NYSE American
SOAR,"Volato Group, Inc. Class A Common Stock",NYSE American
SRXH,SRX Global Inc. Common Stock,NYSE American
STRW,"Strawberry Fields REIT, Inc. Common Stock",NYSE American
STXS,"Stereotaxis, Inc. Common Stock",NYSE American
SVM,Silvercorp Metals Inc. Common Shares,NYSE American
SYNX,Silynxcom Ltd. Ordinary Shares,NYSE American
TGB,Trekor Metals Limited Common Shares,NYSE American
TGEN,Tecogen Inc. Common Stock,NYSE American
THM,"International Tower Hill Mines, Ltd. Ordinary Shares (Canada)",NYSE American
TII,Titan Mining Corporation Common Shares,NYSE American
TMDE,TMD Energy Limited Ordinary Shares,NYSE American
TMP,Tompkins Financial Corporation Common Stock,NYSE American
TMQ,Trilogy Metals Inc. Common Stock,NYSE American
TONT,Graf Global Corp. Class A ordinary shares,NYSE American
TOON,"Kartoon Studios, Inc. Common Stock",NYSE American
TOPP,Toppoint Holdings Inc. Common Stock,NYSE American
TOPS,"TOP Ships, Inc. Common Stock",NYSE American
TOVX,"Theriva Biologics, Inc. Common Stock",NYSE American
TPET,Trio Petroleum Corp. Common Stock,NYSE American
TRT,Trio-Tech International Common Stock,NYSE American
TRX,TRX Gold Corporation Common Stock,NYSE American
UAVS,"AgEagle Aerial Systems, Inc. Common Stock",NYSE American
UEC,Uranium Energy Corp. Common Stock,NYSE American
UMAC,"Unusual Machines, Inc. Common Stock",NYSE American
URG,Ur Energy Inc Common Shares (Canada),NYSE American
USAS,"Americas Gold and Silver Corporation Common Shares, no par value",NYSE American
USBC,"USBC, Inc. Common Stock",NYSE American
UUU,"Universal Safety Products, Inc. Common Stock",NYSE American
UUUU,Energy Fuels Inc Ordinary Shares (Canada),NYSE American
VENU,Venu Holding Corporation Common Stock,NYSE American
VGZ,Vista Gold Corp Common Stock,NYSE American
VIDA,VIDA Global Inc. Class A Common Stock,NYSE American
VNRX,VolitionRX Limited Common Stock,NYSE American
VNTG,Vantage Corp Class A Ordinary Shares,NYSE American
VTAK,"Catheter Precision, Inc. Common Stock",NYSE American
VZLA,Vizsla Silver Corp. Common Shares,NYSE American
WRN,Western Copper and Gold Corporation Common Stock,NYSE American
WWR,"Westwater Resources, Inc. Common Stock",NYSE American
WYY,WidePoint Corporation Common Stock,NYSE American
XPL,Solitario Resources Corp. Common Stock,NYSE American
XTNT,"Xtant Medical Holdings, Inc. Common Stock",NYSE American
YCBD,"cbdMD, Inc. Common Stock",NYSE American
ZDGE,"Zedge, Inc. Class B Common Stock ",NYSE American
ZONE,CleanCore Solutions Inc. Class B Common Stock,NYSE American
